"date","country","factor_value"
2005-05-31,"India",5.5125
2005-06-30,"India",5.1303
2005-07-29,"India",2.7085
2005-08-31,"India",2.5929
2005-09-30,"India",2.3958
2005-10-31,"India",2.561
2005-10-31,"South Africa",3.661
2005-11-30,"India",2.3062
2005-11-30,"South Africa",3.532
2005-12-30,"India",2.172
2005-12-30,"South Africa",3.6474
2006-01-31,"India",2.0707
2006-01-31,"Malaysia",3.8358
2006-01-31,"South Africa",2.5921
2006-02-28,"Greece",2.4362
2006-02-28,"India",2.001
2006-02-28,"Malaysia",3.7158
2006-02-28,"Mexico",1.6833
2006-02-28,"Poland",4.2496
2006-02-28,"South Africa",2.8521
2006-02-28,"Thailand",4.4241
2006-03-31,"Greece",3.1184
2006-03-31,"India",1.8246
2006-03-31,"Indonesia",3.0756
2006-03-31,"Malaysia",3.8884
2006-03-31,"Mexico",1.6664
2006-03-31,"Philippines",2.7574
2006-03-31,"Poland",3.9797
2006-03-31,"South Africa",2.4866
2006-03-31,"Thailand",4.2047
2006-04-28,"Greece",3.1599
2006-04-28,"India",1.2686
2006-04-28,"Indonesia",3.1293
2006-04-28,"Malaysia",3.8036
2006-04-28,"Mexico",2.2898
2006-04-28,"Philippines",3.023
2006-04-28,"Poland",3.7134
2006-04-28,"South Africa",2.4552
2006-04-28,"South Korea",1.992
2006-04-28,"Taiwan",3.9762
2006-04-28,"Thailand",4.0062
2006-04-28,"Turkey",2.5159
2006-05-31,"Greece",4.4779
2006-05-31,"India",1.916
2006-05-31,"Indonesia",3.5497
2006-05-31,"Malaysia",3.8637
2006-05-31,"Mexico",2.6296
2006-05-31,"Philippines",2.9415
2006-05-31,"Poland",4.486
2006-05-31,"South Africa",2.5781
2006-05-31,"South Korea",2.146
2006-05-31,"Taiwan",4.2732
2006-05-31,"Thailand",4.2656
2006-05-31,"Turkey",3.0881
2006-06-30,"Greece",4.1788
2006-06-30,"India",1.8426
2006-06-30,"Indonesia",3.5593
2006-06-30,"Malaysia",3.9167
2006-06-30,"Mexico",1.5959
2006-06-30,"Philippines",3.334
2006-06-30,"Poland",4.277
2006-06-30,"South Africa",2.5731
2006-06-30,"South Korea",2.1265
2006-06-30,"Taiwan",4.2456
2006-06-30,"Thailand",4.4461
2006-06-30,"Turkey",3.3288
2006-07-31,"Brazil",3.1273
2006-07-31,"Greece",3.4102
2006-07-31,"India",1.7856
2006-07-31,"Indonesia",3.4735
2006-07-31,"Malaysia",3.8145
2006-07-31,"Mexico",1.5316
2006-07-31,"Philippines",3.0758
2006-07-31,"Poland",3.8689
2006-07-31,"South Africa",2.6439
2006-07-31,"South Korea",2.0831
2006-07-31,"Taiwan",4.4264
2006-07-31,"Thailand",4.2819
2006-07-31,"Turkey",3.3678
2006-08-31,"Brazil",3.5827
2006-08-31,"Greece",3.3672
2006-08-31,"India",1.6484
2006-08-31,"Indonesia",3.1972
2006-08-31,"Malaysia",3.6548
2006-08-31,"Mexico",1.5196
2006-08-31,"Philippines",3.1485
2006-08-31,"Poland",4.2534
2006-08-31,"South Africa",2.3314
2006-08-31,"South Korea",2.0243
2006-08-31,"Taiwan",4.2988
2006-08-31,"Thailand",4.265
2006-08-31,"Turkey",3.2317
2006-09-29,"Brazil",3.8878
2006-09-29,"Greece",3.3288
2006-09-29,"India",1.6214
2006-09-29,"Indonesia",2.9868
2006-09-29,"Malaysia",3.6566
2006-09-29,"Mexico",1.5708
2006-09-29,"Philippines",2.8034
2006-09-29,"Poland",4.2533
2006-09-29,"South Africa",2.3328
2006-09-29,"South Korea",1.987
2006-09-29,"Taiwan",4.0725
2006-09-29,"Thailand",4.2903
2006-09-29,"Turkey",3.3362
2006-10-31,"Brazil",3.6433
2006-10-31,"Greece",3.1369
2006-10-31,"India",1.5646
2006-10-31,"Indonesia",2.9144
2006-10-31,"Malaysia",3.575
2006-10-31,"Mexico",1.4718
2006-10-31,"Philippines",2.4902
2006-10-31,"Poland",4.036
2006-10-31,"South Africa",2.1591
2006-10-31,"South Korea",1.9646
2006-10-31,"Taiwan",4.0457
2006-10-31,"Thailand",4.0684
2006-10-31,"Turkey",2.9253
2006-11-30,"Brazil",3.508
2006-11-30,"Greece",3.0871
2006-11-30,"India",1.4643
2006-11-30,"Indonesia",2.6626
2006-11-30,"Malaysia",3.2399
2006-11-30,"Mexico",1.4058
2006-11-30,"Philippines",2.4621
2006-11-30,"Poland",3.9024
2006-11-30,"South Africa",2.1493
2006-11-30,"South Korea",1.8984
2006-11-30,"Taiwan",3.7084
2006-11-30,"Thailand",3.9226
2006-11-30,"Turkey",3.2449
2006-12-29,"Brazil",3.3072
2006-12-29,"Greece",3.0804
2006-12-29,"India",1.4671
2006-12-29,"Indonesia",2.5817
2006-12-29,"Malaysia",3.2034
2006-12-29,"Mexico",1.316
2006-12-29,"Philippines",2.3033
2006-12-29,"Poland",3.8079
2006-12-29,"South Africa",2.8487
2006-12-29,"South Korea",1.9419
2006-12-29,"Taiwan",3.5975
2006-12-29,"Thailand",4.1639
2006-12-29,"Turkey",3.0911
2007-01-31,"Brazil",2.9995
2007-01-31,"Greece",2.9049
2007-01-31,"India",1.4479
2007-01-31,"Indonesia",2.6574
2007-01-31,"Malaysia",2.9766
2007-01-31,"Mexico",0.8205
2007-01-31,"Philippines",2.166
2007-01-31,"Poland",3.5596
2007-01-31,"South Africa",2.787
2007-01-31,"South Korea",1.9909
2007-01-31,"Taiwan",3.6752
2007-01-31,"Thailand",4.2972
2007-01-31,"Turkey",2.8431
2007-02-28,"Brazil",3.0201
2007-02-28,"Greece",3.0143
2007-02-28,"India",1.5808
2007-02-28,"Indonesia",2.7315
2007-02-28,"Malaysia",3.696
2007-02-28,"Mexico",2.4133
2007-02-28,"Philippines",2.3402
2007-02-28,"Poland",4.3606
2007-02-28,"South Africa",2.9665
2007-02-28,"South Korea",1.9633
2007-02-28,"Taiwan",3.6223
2007-02-28,"Thailand",4.3645
2007-02-28,"Turkey",2.6853
2007-03-30,"Brazil",3.0009
2007-03-30,"Greece",3.569
2007-03-30,"India",1.5524
2007-03-30,"Indonesia",3.1643
2007-03-30,"Malaysia",3.4915
2007-03-30,"Mexico",2.3541
2007-03-30,"Philippines",2.2773
2007-03-30,"Poland",3.7942
2007-03-30,"South Africa",2.6993
2007-03-30,"South Korea",1.903
2007-03-30,"Taiwan",3.809
2007-03-30,"Thailand",4.3822
2007-03-30,"Turkey",2.5516
2007-04-30,"Brazil",3.3671
2007-04-30,"Greece",3.4535
2007-04-30,"India",1.3052
2007-04-30,"Indonesia",3.004
2007-04-30,"Malaysia",3.4596
2007-04-30,"Mexico",1.8307
2007-04-30,"Philippines",2.5733
2007-04-30,"Poland",3.8469
2007-04-30,"South Africa",2.5704
2007-04-30,"South Korea",2.0649
2007-04-30,"Taiwan",4.4022
2007-04-30,"Thailand",4.21
2007-04-30,"Turkey",3.2319
2007-05-31,"Brazil",3.0919
2007-05-31,"Greece",3.2952
2007-05-31,"India",1.6635
2007-05-31,"Indonesia",3.0041
2007-05-31,"Malaysia",3.551
2007-05-31,"Mexico",1.6787
2007-05-31,"Philippines",2.4674
2007-05-31,"Poland",3.8634
2007-05-31,"South Africa",3.3508
2007-05-31,"South Korea",1.9145
2007-05-31,"Taiwan",4.1744
2007-05-31,"Thailand",4.0006
2007-05-31,"Turkey",3.0595
2007-06-29,"Brazil",2.8126
2007-06-29,"Greece",3.4768
2007-06-29,"India",1.5629
2007-06-29,"Indonesia",3.0733
2007-06-29,"Malaysia",3.4526
2007-06-29,"Mexico",1.7021
2007-06-29,"Philippines",2.2647
2007-06-29,"Poland",3.6568
2007-06-29,"South Africa",3.4129
2007-06-29,"South Korea",2.9011
2007-06-29,"Taiwan",3.6718
2007-06-29,"Thailand",3.7999
2007-06-29,"Turkey",3.0415
2007-07-31,"Brazil",2.6236
2007-07-31,"Greece",3.5054
2007-07-31,"India",1.4785
2007-07-31,"Indonesia",2.8226
2007-07-31,"Malaysia",3.5141
2007-07-31,"Mexico",1.9031
2007-07-31,"Philippines",2.3418
2007-07-31,"Poland",3.6485
2007-07-31,"South Africa",3.4291
2007-07-31,"South Korea",2.5708
2007-07-31,"Taiwan",3.6497
2007-07-31,"Thailand",3.4485
2007-07-31,"Turkey",2.7816
2007-08-31,"Brazil",2.9596
2007-08-31,"Greece",3.3682
2007-08-31,"India",1.5078
2007-08-31,"Indonesia",2.9778
2007-08-31,"Malaysia",3.9753
2007-08-31,"Mexico",1.9218
2007-08-31,"Philippines",2.5244
2007-08-31,"Poland",3.7809
2007-08-31,"South Africa",3.4145
2007-08-31,"South Korea",2.5232
2007-08-31,"Taiwan",3.8941
2007-08-31,"Thailand",3.6332
2007-08-31,"Turkey",2.9091
2007-09-28,"Brazil",2.434
2007-09-28,"Greece",3.2462
2007-09-28,"India",1.3045
2007-09-28,"Indonesia",2.7285
2007-09-28,"Malaysia",3.7334
2007-09-28,"Mexico",2.1124
2007-09-28,"Philippines",2.4405
2007-09-28,"Poland",3.7416
2007-09-28,"South Africa",3.3205
2007-09-28,"South Korea",1.659
2007-09-28,"Taiwan",3.7291
2007-09-28,"Thailand",3.4635
2007-09-28,"Turkey",2.8441
2007-10-31,"Brazil",1.9874
2007-10-31,"Greece",3.1301
2007-10-31,"India",0.9738
2007-10-31,"Indonesia",2.402
2007-10-31,"Malaysia",3.444
2007-10-31,"Mexico",2.024
2007-10-31,"Philippines",2.3558
2007-10-31,"Poland",3.6074
2007-10-31,"South Africa",2.9921
2007-10-31,"South Korea",1.5502
2007-10-31,"Taiwan",3.7167
2007-10-31,"Thailand",3.1883
2007-10-31,"Turkey",2.4469
2007-11-30,"Brazil",2.2898
2007-11-30,"Greece",3.2242
2007-11-30,"India",0.9934
2007-11-30,"Indonesia",2.3153
2007-11-30,"Malaysia",3.6744
2007-11-30,"Mexico",1.9119
2007-11-30,"Philippines",2.6346
2007-11-30,"Poland",3.8408
2007-11-30,"South Africa",3.1215
2007-11-30,"South Korea",1.6823
2007-11-30,"Taiwan",4.287
2007-11-30,"Thailand",3.4264
2007-11-30,"Turkey",2.508
2007-12-31,"Brazil",2.3473
2007-12-31,"Greece",3.2154
2007-12-31,"India",0.8529
2007-12-31,"Indonesia",2.2999
2007-12-31,"Malaysia",3.685
2007-12-31,"Mexico",2.0893
2007-12-31,"Philippines",2.5626
2007-12-31,"Poland",4.2161
2007-12-31,"South Africa",3.0543
2007-12-31,"South Korea",1.6445
2007-12-31,"Taiwan",4.2532
2007-12-31,"Thailand",3.1292
2007-12-31,"Turkey",2.7948
2008-01-31,"Brazil",2.317
2008-01-31,"Greece",3.8172
2008-01-31,"India",1.0049
2008-01-31,"Indonesia",2.3854
2008-01-31,"Malaysia",3.7664
2008-01-31,"Mexico",1.6827
2008-01-31,"Philippines",2.8757
2008-01-31,"Poland",4.8854
2008-01-31,"South Africa",3.1805
2008-01-31,"South Korea",1.9019
2008-01-31,"Taiwan",4.7591
2008-01-31,"Thailand",3.4274
2008-01-31,"Turkey",3.6635
2008-02-29,"Brazil",2.0063
2008-02-29,"Greece",3.8387
2008-02-29,"India",1.0231
2008-02-29,"Indonesia",2.3335
2008-02-29,"Malaysia",3.7443
2008-02-29,"Mexico",3.192
2008-02-29,"Philippines",3.0499
2008-02-29,"Poland",4.8635
2008-02-29,"South Africa",2.9029
2008-02-29,"South Korea",1.8365
2008-02-29,"Taiwan",4.3375
2008-02-29,"Thailand",3.5704
2008-02-29,"Turkey",3.238
2008-03-31,"Brazil",2.9067
2008-03-31,"Greece",4.7646
2008-03-31,"India",1.2012
2008-03-31,"Indonesia",2.2928
2008-03-31,"Malaysia",4.0857
2008-03-31,"Mexico",2.9726
2008-03-31,"Philippines",3.3364
2008-03-31,"Poland",4.6041
2008-03-31,"South Africa",3.9761
2008-03-31,"South Korea",1.8818
2008-03-31,"Taiwan",4.2861
2008-03-31,"Thailand",3.6871
2008-03-31,"Turkey",4.1724
2008-04-30,"Brazil",2.6808
2008-04-30,"Greece",4.5059
2008-04-30,"India",1.2229
2008-04-30,"Indonesia",3.119
2008-04-30,"Malaysia",3.9668
2008-04-30,"Mexico",3.1757
2008-04-30,"Philippines",3.9035
2008-04-30,"Poland",4.437
2008-04-30,"South Africa",3.8697
2008-04-30,"South Korea",1.7659
2008-04-30,"Taiwan",4.1984
2008-04-30,"Thailand",3.6113
2008-04-30,"Turkey",4.5032
2008-05-30,"Brazil",2.4297
2008-05-30,"Greece",4.4299
2008-05-30,"India",1.2846
2008-05-30,"Indonesia",2.9815
2008-05-30,"Malaysia",3.8468
2008-05-30,"Mexico",2.9588
2008-05-30,"Philippines",3.7692
2008-05-30,"Poland",4.4023
2008-05-30,"South Africa",3.717
2008-05-30,"South Korea",1.7404
2008-05-30,"Taiwan",4.3278
2008-05-30,"Thailand",3.6287
2008-05-30,"Turkey",5.0375
2008-06-30,"Brazil",2.7319
2008-06-30,"Greece",5.5339
2008-06-30,"India",1.5349
2008-06-30,"Indonesia",3.0604
2008-06-30,"Malaysia",4.0452
2008-06-30,"Mexico",3.1915
2008-06-30,"Philippines",4.4646
2008-06-30,"Poland",4.4093
2008-06-30,"South Africa",3.8131
2008-06-30,"South Korea",1.9518
2008-06-30,"Taiwan",4.8117
2008-06-30,"Thailand",3.8205
2008-06-30,"Turkey",5.404
2008-07-31,"Brazil",2.8733
2008-07-31,"Greece",5.4011
2008-07-31,"India",1.4901
2008-07-31,"Indonesia",3.0963
2008-07-31,"Malaysia",4.0259
2008-07-31,"Mexico",3.095
2008-07-31,"Philippines",4.1924
2008-07-31,"Poland",4.04
2008-07-31,"South Africa",3.9724
2008-07-31,"South Korea",2.0475
2008-07-31,"Taiwan",5.1507
2008-07-31,"Thailand",4.4306
2008-07-31,"Turkey",4.3122
2008-08-29,"Brazil",3.0342
2008-08-29,"Greece",5.4261
2008-08-29,"India",1.4564
2008-08-29,"Indonesia",3.2434
2008-08-29,"Malaysia",4.2237
2008-08-29,"Mexico",2.9057
2008-08-29,"Philippines",4.0843
2008-08-29,"Poland",4.252
2008-08-29,"South Africa",3.9709
2008-08-29,"South Korea",2.1924
2008-08-29,"Taiwan",4.9999
2008-08-29,"Thailand",4.3348
2008-08-29,"Turkey",4.5161
2008-09-30,"Brazil",3.7611
2008-09-30,"Greece",6.0196
2008-09-30,"India",1.6925
2008-09-30,"Indonesia",3.909
2008-09-30,"Malaysia",4.5331
2008-09-30,"Mexico",3.2463
2008-09-30,"Philippines",4.2648
2008-09-30,"Poland",4.5151
2008-09-30,"South Africa",4.3356
2008-09-30,"South Korea",1.9689
2008-09-30,"Taiwan",5.864
2008-09-30,"Thailand",5.0229
2008-09-30,"Turkey",5.0589
2008-10-31,"Brazil",4.7318
2008-10-31,"Greece",8.307
2008-10-31,"India",2.2066
2008-10-31,"Indonesia",5.6709
2008-10-31,"Malaysia",5.2632
2008-10-31,"Mexico",4.0045
2008-10-31,"Philippines",5.4298
2008-10-31,"Poland",6.1392
2008-10-31,"South Africa",5.172
2008-10-31,"South Korea",2.6728
2008-10-31,"Taiwan",6.7072
2008-10-31,"Thailand",7.0679
2008-10-31,"Turkey",6.0095
2008-11-28,"Brazil",5.3639
2008-11-28,"Greece",7.8957
2008-11-28,"India",2.2051
2008-11-28,"Indonesia",5.7747
2008-11-28,"Malaysia",5.1753
2008-11-28,"Mexico",3.8814
2008-11-28,"Philippines",5.3521
2008-11-28,"Poland",6.2021
2008-11-28,"South Africa",5.0032
2008-11-28,"South Korea",2.6921
2008-11-28,"Taiwan",7.0528
2008-11-28,"Thailand",6.901
2008-11-28,"Turkey",6.4768
2008-12-31,"Brazil",5.7032
2008-12-31,"Greece",7.8897
2008-12-31,"India",2.0556
2008-12-31,"Indonesia",5.0233
2008-12-31,"Malaysia",5.0689
2008-12-31,"Mexico",3.559
2008-12-31,"Philippines",5.5072
2008-12-31,"Poland",5.9719
2008-12-31,"South Africa",4.5945
2008-12-31,"South Korea",2.4931
2008-12-31,"Taiwan",6.5162
2008-12-31,"Thailand",6.0111
2008-12-31,"Turkey",5.8958
2009-01-30,"Brazil",5.2232
2009-01-30,"Greece",6.9097
2009-01-30,"India",2.0423
2009-01-30,"Indonesia",5.1547
2009-01-30,"Malaysia",4.8708
2009-01-30,"Mexico",3.4888
2009-01-30,"Philippines",5.6568
2009-01-30,"Poland",6.4327
2009-01-30,"South Africa",4.6887
2009-01-30,"South Korea",2.3319
2009-01-30,"Taiwan",6.8831
2009-01-30,"Thailand",6.0118
2009-01-30,"Turkey",5.9664
2009-02-27,"Brazil",5.0184
2009-02-27,"Greece",7.0801
2009-02-27,"India",2.1487
2009-02-27,"Indonesia",5.1592
2009-02-27,"Malaysia",4.4576
2009-02-27,"Mexico",3.1243
2009-02-27,"Philippines",5.3976
2009-02-27,"Poland",6.481
2009-02-27,"South Africa",5.1232
2009-02-27,"South Korea",2.5343
2009-02-27,"Taiwan",5.9776
2009-02-27,"Thailand",5.3498
2009-02-27,"Turkey",5.4322
2009-03-31,"Brazil",3.7116
2009-03-31,"Greece",5.8239
2009-03-31,"India",1.9155
2009-03-31,"Indonesia",4.3282
2009-03-31,"Malaysia",4.4859
2009-03-31,"Mexico",2.8146
2009-03-31,"Philippines",4.7199
2009-03-31,"Poland",5.6485
2009-03-31,"South Africa",4.2672
2009-03-31,"South Korea",2.0236
2009-03-31,"Taiwan",3.8227
2009-03-31,"Thailand",5.1515
2009-03-31,"Turkey",5.1187
2009-04-30,"Brazil",3.0793
2009-04-30,"Greece",4.5064
2009-04-30,"India",1.7201
2009-04-30,"Indonesia",3.7755
2009-04-30,"Malaysia",4.1322
2009-04-30,"Mexico",2.6184
2009-04-30,"Philippines",4.435
2009-04-30,"Poland",4.3251
2009-04-30,"South Africa",4.0813
2009-04-30,"South Korea",1.6789
2009-04-30,"Taiwan",3.307
2009-04-30,"Thailand",4.4207
2009-04-30,"Turkey",3.9622
2009-05-29,"Brazil",2.8379
2009-05-29,"Greece",3.8588
2009-05-29,"India",1.6564
2009-05-29,"Indonesia",3.4834
2009-05-29,"Malaysia",3.9182
2009-05-29,"Mexico",2.4698
2009-05-29,"Philippines",3.8803
2009-05-29,"Poland",3.7143
2009-05-29,"South Africa",3.5383
2009-05-29,"South Korea",1.6335
2009-05-29,"Taiwan",2.8573
2009-05-29,"Thailand",3.911
2009-05-29,"Turkey",3.2942
2009-06-30,"Brazil",2.9236
2009-06-30,"Greece",4.1217
2009-06-30,"India",1.6457
2009-06-30,"Indonesia",3.272
2009-06-30,"Malaysia",3.7837
2009-06-30,"Mexico",2.4119
2009-06-30,"Philippines",3.7301
2009-06-30,"Poland",3.7403
2009-06-30,"South Africa",3.4163
2009-06-30,"South Korea",1.5809
2009-06-30,"Taiwan",3.0806
2009-06-30,"Thailand",3.6553
2009-06-30,"Turkey",2.9995
2009-07-31,"Brazil",2.7268
2009-07-31,"Greece",3.6661
2009-07-31,"India",1.4961
2009-07-31,"Indonesia",2.764
2009-07-31,"Malaysia",3.432
2009-07-31,"Mexico",2.0924
2009-07-31,"Philippines",3.2196
2009-07-31,"Poland",3.3827
2009-07-31,"South Africa",3.0418
2009-07-31,"South Korea",1.3841
2009-07-31,"Taiwan",2.8805
2009-07-31,"Thailand",3.5597
2009-07-31,"Turkey",2.7463
2009-08-31,"Brazil",2.8607
2009-08-31,"Greece",3.2905
2009-08-31,"India",1.4906
2009-08-31,"Indonesia",2.7629
2009-08-31,"Malaysia",3.4545
2009-08-31,"Mexico",1.8891
2009-08-31,"Philippines",3.1987
2009-08-31,"Poland",3.55
2009-08-31,"South Africa",2.868
2009-08-31,"South Korea",1.3355
2009-08-31,"Taiwan",3.0894
2009-08-31,"Thailand",3.5538
2009-08-31,"Turkey",2.5998
2009-09-30,"Brazil",2.5335
2009-09-30,"Greece",3.0538
2009-09-30,"India",1.3637
2009-09-30,"Indonesia",2.5639
2009-09-30,"Malaysia",3.0151
2009-09-30,"Mexico",1.6521
2009-09-30,"Philippines",3.294
2009-09-30,"Poland",3.8199
2009-09-30,"South Africa",2.8806
2009-09-30,"South Korea",1.2662
2009-09-30,"Taiwan",2.8573
2009-09-30,"Thailand",3.2885
2009-09-30,"Turkey",2.5837
2009-10-30,"Brazil",2.5714
2009-10-30,"Greece",3.2514
2009-10-30,"India",1.1817
2009-10-30,"Indonesia",2.7208
2009-10-30,"Malaysia",2.9446
2009-10-30,"Mexico",1.7189
2009-10-30,"Philippines",3.2472
2009-10-30,"Poland",3.6213
2009-10-30,"South Africa",2.7766
2009-10-30,"South Korea",1.3391
2009-10-30,"Taiwan",3.0111
2009-10-30,"Thailand",3.5326
2009-10-30,"Turkey",2.573
2009-11-30,"Brazil",2.3899
2009-11-30,"Greece",3.8919
2009-11-30,"India",1.101
2009-11-30,"Indonesia",2.6859
2009-11-30,"Malaysia",2.9504
2009-11-30,"Mexico",1.828
2009-11-30,"Philippines",3.1798
2009-11-30,"Poland",3.511
2009-11-30,"South Africa",2.7785
2009-11-30,"South Korea",1.3395
2009-11-30,"Taiwan",2.978
2009-11-30,"Thailand",3.5826
2009-11-30,"Turkey",2.7436
2009-12-31,"Brazil",2.3426
2009-12-31,"Greece",4.0605
2009-12-31,"India",1.0489
2009-12-31,"Indonesia",2.5533
2009-12-31,"Malaysia",2.9389
2009-12-31,"Mexico",1.8223
2009-12-31,"Philippines",3.1727
2009-12-31,"Poland",3.4267
2009-12-31,"South Africa",2.6389
2009-12-31,"South Korea",1.2295
2009-12-31,"Taiwan",2.7851
2009-12-31,"Thailand",3.2943
2009-12-31,"Turkey",2.3795
2010-01-29,"Brazil",2.7446
2010-01-29,"Greece",4.4308
2010-01-29,"India",1.1116
2010-01-29,"Indonesia",2.5292
2010-01-29,"Malaysia",2.9378
2010-01-29,"Mexico",2.2416
2010-01-29,"Philippines",3.418
2010-01-29,"Poland",3.5363
2010-01-29,"South Africa",2.712
2010-01-29,"South Korea",1.3064
2010-01-29,"Taiwan",3.042
2010-01-29,"Thailand",3.5564
2010-01-29,"Turkey",2.438
2010-02-26,"Brazil",2.5301
2010-02-26,"Greece",4.4726
2010-02-26,"India",1.097
2010-02-26,"Indonesia",2.7404
2010-02-26,"Malaysia",3.3522
2010-02-26,"Mexico",2.2683
2010-02-26,"Philippines",3.2529
2010-02-26,"Poland",3.8821
2010-02-26,"South Africa",2.6492
2010-02-26,"South Korea",1.3088
2010-02-26,"Taiwan",3.296
2010-02-26,"Thailand",3.917
2010-02-26,"Turkey",2.1065
2010-03-31,"Brazil",2.701
2010-03-31,"Greece",4.6791
2010-03-31,"India",1.0337
2010-03-31,"Indonesia",3.0116
2010-03-31,"Malaysia",3.0922
2010-03-31,"Mexico",2.0775
2010-03-31,"Philippines",3.4371
2010-03-31,"Poland",3.7274
2010-03-31,"South Africa",3.1513
2010-03-31,"South Korea",1.5773
2010-03-31,"Taiwan",3.8042
2010-03-31,"Thailand",3.5952
2010-03-31,"Turkey",2.7804
2010-04-30,"Brazil",2.9887
2010-04-30,"Greece",4.7669
2010-04-30,"India",0.9995
2010-04-30,"Indonesia",2.8529
2010-04-30,"Malaysia",3.1785
2010-04-30,"Mexico",2.1918
2010-04-30,"Philippines",3.3504
2010-04-30,"Poland",3.664
2010-04-30,"South Africa",3.1628
2010-04-30,"South Korea",1.5177
2010-04-30,"Taiwan",3.9048
2010-04-30,"Thailand",3.7922
2010-04-30,"Turkey",2.7309
2010-05-31,"Brazil",3.2052
2010-05-31,"Greece",4.4631
2010-05-31,"India",1.2708
2010-05-31,"Indonesia",3.0058
2010-05-31,"Malaysia",3.3781
2010-05-31,"Mexico",2.313
2010-05-31,"Philippines",3.4276
2010-05-31,"Poland",3.616
2010-05-31,"South Africa",3.2413
2010-05-31,"South Korea",1.5921
2010-05-31,"Taiwan",4.028
2010-05-31,"Thailand",3.9044
2010-05-31,"Turkey",3.1568
2010-06-30,"Brazil",3.392
2010-06-30,"Greece",4.333
2010-06-30,"India",1.2405
2010-06-30,"Indonesia",2.8639
2010-06-30,"Malaysia",3.2766
2010-06-30,"Mexico",2.4536
2010-06-30,"Philippines",3.355
2010-06-30,"Poland",3.7869
2010-06-30,"South Africa",3.3656
2010-06-30,"South Korea",1.5615
2010-06-30,"Taiwan",4.3841
2010-06-30,"Thailand",3.8042
2010-06-30,"Turkey",3.1725
2010-07-30,"Brazil",2.9735
2010-07-30,"Greece",3.4038
2010-07-30,"India",1.2346
2010-07-30,"Indonesia",2.714
2010-07-30,"Malaysia",3.1422
2010-07-30,"Mexico",2.299
2010-07-30,"Philippines",3.3866
2010-07-30,"Poland",3.3665
2010-07-30,"South Africa",3.1983
2010-07-30,"South Korea",1.4906
2010-07-30,"Taiwan",4.1853
2010-07-30,"Thailand",3.6225
2010-07-30,"Turkey",2.9515
2010-08-31,"Brazil",3.1228
2010-08-31,"Greece",3.4694
2010-08-31,"India",1.2344
2010-08-31,"Indonesia",2.7634
2010-08-31,"Malaysia",3.2054
2010-08-31,"Mexico",2.4298
2010-08-31,"Philippines",3.3251
2010-08-31,"Poland",3.4217
2010-08-31,"South Africa",3.2205
2010-08-31,"South Korea",1.5035
2010-08-31,"Taiwan",4.3199
2010-08-31,"Thailand",3.4624
2010-08-31,"Turkey",2.8938
2010-09-30,"Brazil",2.8381
2010-09-30,"Greece",3.1556
2010-09-30,"India",1.1008
2010-09-30,"Indonesia",2.4604
2010-09-30,"Malaysia",3.1311
2010-09-30,"Mexico",2.0929
2010-09-30,"Philippines",2.8908
2010-09-30,"Poland",3.2041
2010-09-30,"South Africa",3.0322
2010-09-30,"South Korea",1.4264
2010-09-30,"Taiwan",3.9729
2010-09-30,"Thailand",3.1793
2010-09-30,"Turkey",2.6522
2010-10-29,"Brazil",2.7769
2010-10-29,"Greece",2.9003
2010-10-29,"India",1.169
2010-10-29,"Indonesia",2.3753
2010-10-29,"Malaysia",3.0506
2010-10-29,"Mexico",1.913
2010-10-29,"Philippines",2.8998
2010-10-29,"Poland",3.2561
2010-10-29,"South Africa",2.9285
2010-10-29,"South Korea",1.4216
2010-10-29,"Taiwan",3.9421
2010-10-29,"Thailand",3.1701
2010-10-29,"Turkey",2.5199
2010-11-30,"Brazil",2.9119
2010-11-30,"Greece",3.0257
2010-11-30,"India",1.1886
2010-11-30,"Indonesia",2.5177
2010-11-30,"Malaysia",3.2079
2010-11-30,"Mexico",1.7945
2010-11-30,"Philippines",3.265
2010-11-30,"Poland",3.3186
2010-11-30,"South Africa",2.9746
2010-11-30,"South Korea",1.3602
2010-11-30,"Taiwan",3.9022
2010-11-30,"Thailand",3.4222
2010-11-30,"Turkey",2.5516
2010-12-31,"Brazil",2.7623
2010-12-31,"Greece",3.3344
2010-12-31,"India",1.1255
2010-12-31,"Indonesia",2.3601
2010-12-31,"Malaysia",3.1122
2010-12-31,"Mexico",1.6994
2010-12-31,"Philippines",2.6813
2010-12-31,"Poland",3.1057
2010-12-31,"South Africa",2.7885
2010-12-31,"South Korea",1.2475
2010-12-31,"Taiwan",3.6266
2010-12-31,"Thailand",3.2164
2010-12-31,"Turkey",2.6517
2011-01-31,"Brazil",2.9669
2011-01-31,"Greece",2.9127
2011-01-31,"India",1.2805
2011-01-31,"Indonesia",2.5883
2011-01-31,"Malaysia",3.1111
2011-01-31,"Mexico",1.6997
2011-01-31,"Philippines",2.9888
2011-01-31,"Poland",3.1999
2011-01-31,"South Africa",2.8685
2011-01-31,"South Korea",1.2375
2011-01-31,"Taiwan",3.5051
2011-01-31,"Thailand",3.5208
2011-01-31,"Turkey",2.7677
2011-02-28,"Brazil",2.9947
2011-02-28,"Greece",2.8744
2011-02-28,"India",1.3114
2011-02-28,"Indonesia",2.5995
2011-02-28,"Malaysia",3.4431
2011-02-28,"Mexico",2.1563
2011-02-28,"Philippines",3.0732
2011-02-28,"Poland",3.1397
2011-02-28,"South Africa",2.7386
2011-02-28,"South Korea",1.3146
2011-02-28,"Taiwan",3.7197
2011-02-28,"Thailand",3.6324
2011-02-28,"Turkey",1.856
2011-03-31,"Brazil",3.2822
2011-03-31,"Greece",3.4486
2011-03-31,"India",1.2124
2011-03-31,"Indonesia",2.8093
2011-03-31,"Malaysia",3.3727
2011-03-31,"Mexico",2.0549
2011-03-31,"Philippines",3.1033
2011-03-31,"Poland",4.0901
2011-03-31,"South Africa",2.7727
2011-03-31,"South Korea",1.431
2011-03-31,"Taiwan",3.7824
2011-03-31,"Thailand",3.4517
2011-03-31,"Turkey",3.4353
2011-04-29,"Brazil",3.4477
2011-04-29,"Greece",3.4269
2011-04-29,"India",1.2121
2011-04-29,"Indonesia",2.6935
2011-04-29,"Malaysia",3.3643
2011-04-29,"Mexico",2.0526
2011-04-29,"Philippines",2.9869
2011-04-29,"Poland",3.9034
2011-04-29,"South Africa",2.7152
2011-04-29,"South Korea",1.3805
2011-04-29,"Taiwan",4.088
2011-04-29,"Thailand",3.3793
2011-04-29,"Turkey",3.1781
2011-05-31,"Brazil",3.3688
2011-05-31,"Greece",3.2225
2011-05-31,"India",1.3878
2011-05-31,"Indonesia",2.6642
2011-05-31,"Malaysia",3.2982
2011-05-31,"Mexico",2.0062
2011-05-31,"Philippines",3.1058
2011-05-31,"Poland",3.9032
2011-05-31,"South Africa",3.5902
2011-05-31,"South Korea",1.4047
2011-05-31,"Taiwan",4.0723
2011-05-31,"Thailand",3.5573
2011-05-31,"Turkey",3.676
2011-06-30,"Brazil",3.3487
2011-06-30,"Greece",3.2453
2011-06-30,"India",1.3539
2011-06-30,"Indonesia",2.6107
2011-06-30,"Malaysia",3.244
2011-06-30,"Mexico",1.872
2011-06-30,"Philippines",2.8921
2011-06-30,"Poland",4.1285
2011-06-30,"South Africa",3.6606
2011-06-30,"South Korea",1.3894
2011-06-30,"Taiwan",4.2339
2011-06-30,"Thailand",3.6417
2011-06-30,"Turkey",3.5514
2011-07-29,"Brazil",3.5064
2011-07-29,"Greece",3.4641
2011-07-29,"India",1.4044
2011-07-29,"Indonesia",2.4809
2011-07-29,"Malaysia",3.2698
2011-07-29,"Mexico",2.0226
2011-07-29,"Philippines",2.8058
2011-07-29,"Poland",4.478
2011-07-29,"South Africa",3.7116
2011-07-29,"South Korea",1.3788
2011-07-29,"Taiwan",4.2087
2011-07-29,"Thailand",3.3961
2011-07-29,"Turkey",3.5897
2011-08-31,"Brazil",3.6808
2011-08-31,"Greece",4.3452
2011-08-31,"India",1.573
2011-08-31,"Indonesia",2.6884
2011-08-31,"Malaysia",3.6209
2011-08-31,"Mexico",2.0197
2011-08-31,"Philippines",2.9162
2011-08-31,"Poland",4.8215
2011-08-31,"South Africa",3.6
2011-08-31,"South Korea",1.5795
2011-08-31,"Taiwan",4.5379
2011-08-31,"Thailand",3.6892
2011-08-31,"Turkey",4.0064
2011-09-30,"Brazil",3.9419
2011-09-30,"Greece",4.5076
2011-09-30,"India",1.5862
2011-09-30,"Indonesia",2.8883
2011-09-30,"Malaysia",3.7274
2011-09-30,"Mexico",2.1226
2011-09-30,"Philippines",3.1045
2011-09-30,"Poland",5.6755
2011-09-30,"South Africa",3.7488
2011-09-30,"South Korea",1.6376
2011-09-30,"Taiwan",4.8321
2011-09-30,"Thailand",4.3476
2011-09-30,"Turkey",3.2975
2011-10-31,"Brazil",3.7112
2011-10-31,"Greece",4.654
2011-10-31,"India",1.4725
2011-10-31,"Indonesia",2.5848
2011-10-31,"Malaysia",3.376
2011-10-31,"Mexico",1.7275
2011-10-31,"Philippines",2.9106
2011-10-31,"Poland",5.3065
2011-10-31,"South Africa",3.5108
2011-10-31,"South Korea",1.4891
2011-10-31,"Taiwan",4.4712
2011-10-31,"Thailand",3.8428
2011-10-31,"Turkey",3.3853
2011-11-30,"Brazil",3.6227
2011-11-30,"Greece",5.3366
2011-11-30,"India",1.6323
2011-11-30,"Indonesia",2.6492
2011-11-30,"Malaysia",3.4235
2011-11-30,"Mexico",1.641
2011-11-30,"Philippines",3.2146
2011-11-30,"Poland",5.4831
2011-11-30,"South Africa",3.413
2011-11-30,"South Korea",1.5367
2011-11-30,"Taiwan",4.7188
2011-11-30,"Thailand",3.8413
2011-11-30,"Turkey",3.3924
2011-12-30,"Brazil",3.8751
2011-12-30,"Greece",5.1778
2011-12-30,"India",1.6257
2011-12-30,"Indonesia",2.5748
2011-12-30,"Malaysia",3.2908
2011-12-30,"Mexico",1.7022
2011-12-30,"Philippines",2.9095
2011-12-30,"Poland",5.677
2011-12-30,"South Africa",3.4934
2011-12-30,"South Korea",1.5332
2011-12-30,"Taiwan",4.6049
2011-12-30,"Thailand",3.7292
2011-12-30,"Turkey",3.4325
2012-01-31,"Brazil",3.3392
2012-01-31,"Greece",3.7891
2012-01-31,"India",1.4421
2012-01-31,"Indonesia",2.4902
2012-01-31,"Malaysia",3.1757
2012-01-31,"Mexico",1.5163
2012-01-31,"Philippines",2.7146
2012-01-31,"Poland",5.1524
2012-01-31,"South Africa",3.3553
2012-01-31,"South Korea",1.3826
2012-01-31,"Taiwan",4.2794
2012-01-31,"Thailand",3.3336
2012-01-31,"Turkey",3.1269
2012-02-29,"Brazil",2.9413
2012-02-29,"Greece",4.1178
2012-02-29,"India",1.3817
2012-02-29,"Indonesia",2.6155
2012-02-29,"Malaysia",2.8676
2012-02-29,"Mexico",1.8098
2012-02-29,"Philippines",2.5748
2012-02-29,"Poland",5.162
2012-02-29,"South Africa",3.3306
2012-02-29,"South Korea",1.3621
2012-02-29,"Taiwan",3.8719
2012-02-29,"Thailand",3.6169
2012-02-29,"Turkey",2.2271
2012-03-30,"Brazil",3.6383
2012-03-30,"Greece",3.5572
2012-03-30,"India",1.4224
2012-03-30,"Indonesia",2.8964
2012-03-30,"Malaysia",2.9877
2012-03-30,"Mexico",1.7587
2012-03-30,"Philippines",2.4159
2012-03-30,"Poland",5.7156
2012-03-30,"South Africa",4.0261
2012-03-30,"South Korea",1.3407
2012-03-30,"Taiwan",3.8287
2012-03-30,"Thailand",3.6453
2012-03-30,"Turkey",3.3275
2012-04-30,"Brazil",3.7047
2012-04-30,"Greece",3.5209
2012-04-30,"India",1.4561
2012-04-30,"Indonesia",2.9054
2012-04-30,"Malaysia",3.0673
2012-04-30,"Mexico",1.8137
2012-04-30,"Philippines",2.3508
2012-04-30,"Poland",5.6907
2012-04-30,"South Africa",3.9768
2012-04-30,"South Korea",1.3262
2012-04-30,"Taiwan",3.8903
2012-04-30,"Thailand",3.6209
2012-04-30,"Turkey",3.479
2012-05-31,"Brazil",4.2783
2012-05-31,"Greece",4.4946
2012-05-31,"India",1.6593
2012-05-31,"Indonesia",3.2629
2012-05-31,"Malaysia",3.0505
2012-05-31,"Mexico",1.9781
2012-05-31,"Philippines",2.4641
2012-05-31,"Poland",5.9834
2012-05-31,"South Africa",4.0694
2012-05-31,"South Korea",1.4154
2012-05-31,"Taiwan",3.8945
2012-05-31,"Thailand",4.0258
2012-05-31,"Turkey",3.7962
2012-06-29,"Brazil",3.9175
2012-06-29,"Greece",5.3999
2012-06-29,"India",1.535
2012-06-29,"Indonesia",3.084
2012-06-29,"Malaysia",2.9491
2012-06-29,"Mexico",1.6379
2012-06-29,"Philippines",2.3848
2012-06-29,"Poland",5.3982
2012-06-29,"South Africa",4.0433
2012-06-29,"South Korea",1.3868
2012-06-29,"Taiwan",3.7326
2012-06-29,"Thailand",3.8468
2012-06-29,"Turkey",3.1953
2012-07-31,"Brazil",4.238
2012-07-31,"Greece",5.3444
2012-07-31,"India",1.7739
2012-07-31,"Indonesia",2.871
2012-07-31,"Malaysia",3.032
2012-07-31,"Mexico",1.5951
2012-07-31,"Philippines",2.3547
2012-07-31,"Poland",5.4514
2012-07-31,"South Africa",3.9042
2012-07-31,"South Korea",1.3428
2012-07-31,"Taiwan",3.6765
2012-07-31,"Thailand",3.68
2012-07-31,"Turkey",3.2163
2012-08-31,"Brazil",4.3599
2012-08-31,"Greece",4.5171
2012-08-31,"India",1.7536
2012-08-31,"Indonesia",2.9495
2012-08-31,"Malaysia",2.9643
2012-08-31,"Mexico",1.6742
2012-08-31,"Philippines",2.4139
2012-08-31,"Poland",5.1548
2012-08-31,"South Africa",3.7431
2012-08-31,"South Korea",1.334
2012-08-31,"Taiwan",3.5538
2012-08-31,"Thailand",3.6283
2012-08-31,"Turkey",3.0694
2012-09-28,"Brazil",4.1918
2012-09-28,"Greece",5.061
2012-09-28,"India",1.6067
2012-09-28,"Indonesia",2.7823
2012-09-28,"Malaysia",3.0199
2012-09-28,"Mexico",1.6133
2012-09-28,"Philippines",2.372
2012-09-28,"Poland",4.9512
2012-09-28,"South Africa",3.6066
2012-09-28,"South Korea",1.2264
2012-09-28,"Taiwan",3.3079
2012-09-28,"Thailand",3.4422
2012-09-28,"Turkey",3.1522
2012-10-31,"Brazil",4.2285
2012-10-31,"Greece",4.4389
2012-10-31,"India",1.6462
2012-10-31,"Indonesia",2.6824
2012-10-31,"Malaysia",2.9936
2012-10-31,"Mexico",1.6499
2012-10-31,"Philippines",2.3644
2012-10-31,"Poland",5.2391
2012-10-31,"South Africa",3.5048
2012-10-31,"South Korea",1.2976
2012-10-31,"Taiwan",3.4539
2012-10-31,"Thailand",3.4924
2012-10-31,"Turkey",2.8094
2012-11-30,"Brazil",4.1667
2012-11-30,"Greece",4.1341
2012-11-30,"India",1.5509
2012-11-30,"Indonesia",2.7737
2012-11-30,"Malaysia",3.1035
2012-11-30,"Mexico",1.6762
2012-11-30,"Philippines",2.2717
2012-11-30,"Poland",5.2014
2012-11-30,"South Africa",3.4192
2012-11-30,"South Korea",1.2639
2012-11-30,"Taiwan",3.2327
2012-11-30,"Thailand",3.4617
2012-11-30,"Turkey",2.9652
2012-12-31,"Brazil",3.8103
2012-12-31,"Greece",4.0971
2012-12-31,"India",1.5482
2012-12-31,"Indonesia",2.6694
2012-12-31,"Malaysia",2.9433
2012-12-31,"Mexico",1.6077
2012-12-31,"Philippines",2.1807
2012-12-31,"Poland",5.0722
2012-12-31,"South Africa",3.2337
2012-12-31,"South Korea",1.1943
2012-12-31,"Taiwan",3.1943
2012-12-31,"Thailand",3.1803
2012-12-31,"Turkey",2.8263
2013-01-31,"Brazil",3.6422
2013-01-31,"Greece",3.5624
2013-01-31,"India",1.7228
2013-01-31,"Indonesia",2.5757
2013-01-31,"Malaysia",3.0307
2013-01-31,"Mexico",1.5077
2013-01-31,"Philippines",2.0357
2013-01-31,"Poland",4.9507
2013-01-31,"South Africa",3.2362
2013-01-31,"South Korea",1.2115
2013-01-31,"Taiwan",3.0731
2013-01-31,"Thailand",3.222
2013-01-31,"Turkey",2.883
2013-02-28,"Brazil",2.8559
2013-02-28,"Greece",3.3077
2013-02-28,"India",1.802
2013-02-28,"Indonesia",2.5011
2013-02-28,"Malaysia",3.5088
2013-02-28,"Mexico",1.9097
2013-02-28,"Philippines",1.9148
2013-02-28,"Poland",4.6506
2013-02-28,"South Africa",3.2782
2013-02-28,"South Korea",1.2045
2013-02-28,"Taiwan",3.0298
2013-02-28,"Thailand",3.3849
2013-02-28,"Turkey",1.9091
2013-03-29,"Brazil",3.3673
2013-03-29,"Greece",1.8754
2013-03-29,"India",1.8163
2013-03-29,"Indonesia",2.6721
2013-03-29,"Malaysia",3.4204
2013-03-29,"Mexico",1.6652
2013-03-29,"Philippines",1.9766
2013-03-29,"Poland",4.7231
2013-03-29,"South Africa",3.232
2013-03-29,"South Korea",1.2217
2013-03-29,"Taiwan",3.208
2013-03-29,"Thailand",3.3751
2013-03-29,"Turkey",2.696
2013-04-30,"Brazil",3.3218
2013-04-30,"Greece",1.8301
2013-04-30,"India",1.6869
2013-04-30,"Indonesia",2.5768
2013-04-30,"Malaysia",3.3605
2013-04-30,"Mexico",1.8352
2013-04-30,"Philippines",1.9399
2013-04-30,"Poland",4.7729
2013-04-30,"South Africa",3.7803
2013-04-30,"South Korea",1.216
2013-04-30,"Taiwan",3.1311
2013-04-30,"Thailand",3.2754
2013-04-30,"Turkey",2.781
2013-05-31,"Brazil",3.5078
2013-05-31,"Greece",2.1677
2013-05-31,"India",1.653
2013-05-31,"Indonesia",2.6884
2013-05-31,"Malaysia",3.2023
2013-05-31,"Mexico",1.9056
2013-05-31,"Philippines",1.9671
2013-05-31,"Poland",4.4266
2013-05-31,"South Africa",3.5339
2013-05-31,"South Korea",1.1754
2013-05-31,"Taiwan",3.087
2013-05-31,"Thailand",3.3926
2013-05-31,"Turkey",2.7902
2013-06-28,"Brazil",3.4482
2013-06-28,"Greece",2.3197
2013-06-28,"India",1.6826
2013-06-28,"Indonesia",2.6671
2013-06-28,"Malaysia",3.114
2013-06-28,"Mexico",1.8175
2013-06-28,"Philippines",2.0758
2013-06-28,"Poland",4.715
2013-06-28,"South Africa",3.6348
2013-06-28,"South Korea",1.2614
2013-06-28,"Taiwan",3.1501
2013-06-28,"Thailand",3.3296
2013-06-28,"Turkey",3.0853
2013-07-31,"Brazil",3.5656
2013-07-31,"Greece",2.3219
2013-07-31,"India",1.713
2013-07-31,"Indonesia",2.7922
2013-07-31,"Malaysia",3.0988
2013-07-31,"Mexico",1.7934
2013-07-31,"Philippines",2.0931
2013-07-31,"Poland",4.5078
2013-07-31,"South Africa",3.5392
2013-07-31,"South Korea",1.2034
2013-07-31,"Taiwan",3.1726
2013-07-31,"Thailand",3.3238
2013-07-31,"Turkey",3.2468
2013-08-30,"Brazil",3.3655
2013-08-30,"Greece",2.0119
2013-08-30,"India",1.7321
2013-08-30,"Indonesia",3.0945
2013-08-30,"Malaysia",3.175
2013-08-30,"Mexico",1.8597
2013-08-30,"Philippines",2.2931
2013-08-30,"Poland",4.4796
2013-08-30,"South Africa",3.5027
2013-08-30,"South Korea",1.1723
2013-08-30,"Taiwan",3.2295
2013-08-30,"Thailand",3.5896
2013-08-30,"Turkey",3.5188
2013-09-30,"Brazil",3.0454
2013-09-30,"Greece",1.6766
2013-09-30,"India",1.6695
2013-09-30,"Indonesia",3.0282
2013-09-30,"Malaysia",3.0853
2013-09-30,"Mexico",1.8489
2013-09-30,"Philippines",2.3304
2013-09-30,"Poland",4.5634
2013-09-30,"South Africa",3.2667
2013-09-30,"South Korea",1.1231
2013-09-30,"Taiwan",3.1628
2013-09-30,"Thailand",3.3398
2013-09-30,"Turkey",3.0427
2013-10-31,"Brazil",3.1689
2013-10-31,"Greece",1.4239
2013-10-31,"India",1.7884
2013-10-31,"Indonesia",2.8274
2013-10-31,"Malaysia",3.009
2013-10-31,"Mexico",1.7989
2013-10-31,"Philippines",2.2515
2013-10-31,"Poland",4.4003
2013-10-31,"South Africa",3.1447
2013-10-31,"South Korea",1.0802
2013-10-31,"Taiwan",3.0438
2013-10-31,"Thailand",3.1401
2013-10-31,"Turkey",3.0325
2013-11-29,"Brazil",3.5946
2013-11-29,"Greece",0.9078
2013-11-29,"India",1.9397
2013-11-29,"Indonesia",3.0288
2013-11-29,"Malaysia",2.9558
2013-11-29,"Mexico",1.7717
2013-11-29,"Philippines",2.2547
2013-11-29,"Poland",4.3071
2013-11-29,"South Africa",3.2423
2013-11-29,"South Korea",1.0728
2013-11-29,"Taiwan",3.0664
2013-11-29,"Thailand",3.342
2013-11-29,"Turkey",3.0718
2013-12-31,"Brazil",3.6968
2013-12-31,"Greece",0.8678
2013-12-31,"India",1.8951
2013-12-31,"Indonesia",3.0244
2013-12-31,"Malaysia",2.8864
2013-12-31,"Mexico",2.0117
2013-12-31,"Philippines",2.413
2013-12-31,"Poland",4.6081
2013-12-31,"South Africa",3.1216
2013-12-31,"South Korea",1.1077
2013-12-31,"Taiwan",3.0003
2013-12-31,"Thailand",3.534
2013-12-31,"Turkey",3.3696
2014-01-31,"Brazil",4.0634
2014-01-31,"Greece",0.8738
2014-01-31,"India",2.4005
2014-01-31,"Indonesia",2.9522
2014-01-31,"Malaysia",3.0025
2014-01-31,"Mexico",2.7969
2014-01-31,"Philippines",2.3284
2014-01-31,"Poland",4.7028
2014-01-31,"South Africa",3.2624
2014-01-31,"South Korea",1.1448
2014-01-31,"Taiwan",3.0655
2014-01-31,"Thailand",3.4499
2014-01-31,"Turkey",3.6646
2014-02-28,"Brazil",4.2966
2014-02-28,"Greece",0.6161
2014-02-28,"India",2.3852
2014-02-28,"Indonesia",3.0438
2014-02-28,"Malaysia",3.1397
2014-02-28,"Mexico",1.902
2014-02-28,"Philippines",2.1819
2014-02-28,"Poland",4.5351
2014-02-28,"South Africa",3.1455
2014-02-28,"South Korea",1.3106
2014-02-28,"Taiwan",2.9883
2014-02-28,"Thailand",3.8208
2014-02-28,"Turkey",2.1109
2014-03-31,"Brazil",4.0541
2014-03-31,"Greece",1.4128
2014-03-31,"India",2.278
2014-03-31,"Indonesia",2.6456
2014-03-31,"Malaysia",3.1028
2014-03-31,"Mexico",1.8517
2014-03-31,"Philippines",2.256
2014-03-31,"Poland",4.1208
2014-03-31,"South Africa",3.1082
2014-03-31,"South Korea",1.2978
2014-03-31,"Taiwan",3.2478
2014-03-31,"Thailand",3.647
2014-03-31,"Turkey",3.626
2014-04-30,"Brazil",4.0654
2014-04-30,"Greece",1.2833
2014-04-30,"India",2.1323
2014-04-30,"Indonesia",2.6124
2014-04-30,"Malaysia",3.0774
2014-04-30,"Mexico",1.8484
2014-04-30,"Philippines",2.1948
2014-04-30,"Poland",4.1986
2014-04-30,"South Africa",3.1216
2014-04-30,"South Korea",1.2795
2014-04-30,"Taiwan",3.2527
2014-04-30,"Thailand",3.5136
2014-04-30,"Turkey",3.4655
2014-05-30,"Brazil",4.0484
2014-05-30,"Greece",1.3237
2014-05-30,"India",2.0107
2014-05-30,"Indonesia",2.5797
2014-05-30,"Malaysia",3.0846
2014-05-30,"Mexico",1.8136
2014-05-30,"Philippines",2.2399
2014-05-30,"Poland",4.0984
2014-05-30,"South Africa",3.2701
2014-05-30,"South Korea",1.2465
2014-05-30,"Taiwan",3.187
2014-05-30,"Thailand",3.519
2014-05-30,"Turkey",3.3217
2014-06-30,"Brazil",3.8631
2014-06-30,"Greece",1.0109
2014-06-30,"India",1.8832
2014-06-30,"Indonesia",2.5958
2014-06-30,"Malaysia",3.0241
2014-06-30,"Mexico",1.7617
2014-06-30,"Philippines",2.0622
2014-06-30,"Poland",4.1392
2014-06-30,"South Africa",3.1384
2014-06-30,"South Korea",1.2299
2014-06-30,"Taiwan",3.0164
2014-06-30,"Thailand",3.2946
2014-06-30,"Turkey",3.3738
2014-07-31,"Brazil",3.9624
2014-07-31,"Greece",1.0777
2014-07-31,"India",1.9326
2014-07-31,"Indonesia",2.4384
2014-07-31,"Malaysia",3.0498
2014-07-31,"Mexico",1.725
2014-07-31,"Philippines",2.0573
2014-07-31,"Poland",4.2533
2014-07-31,"South Africa",3.0834
2014-07-31,"South Korea",1.2158
2014-07-31,"Taiwan",3.1014
2014-07-31,"Thailand",3.2334
2014-07-31,"Turkey",3.1065
2014-08-29,"Brazil",3.6139
2014-08-29,"Greece",1.0683
2014-08-29,"India",1.8807
2014-08-29,"Indonesia",2.4566
2014-08-29,"Malaysia",3.0469
2014-08-29,"Mexico",1.6734
2014-08-29,"Philippines",1.9957
2014-08-29,"Poland",4.0919
2014-08-29,"South Africa",3.0537
2014-08-29,"South Korea",1.2339
2014-08-29,"Taiwan",3.0687
2014-08-29,"Thailand",3.0679
2014-08-29,"Turkey",3.3434
2014-09-30,"Brazil",4.2673
2014-09-30,"Greece",1.024
2014-09-30,"India",1.8689
2014-09-30,"Indonesia",2.4377
2014-09-30,"Malaysia",3.0786
2014-09-30,"Mexico",1.6948
2014-09-30,"Philippines",2.1709
2014-09-30,"Poland",3.8197
2014-09-30,"South Africa",3.219
2014-09-30,"South Korea",1.2878
2014-09-30,"Taiwan",3.2472
2014-09-30,"Thailand",2.9634
2014-09-30,"Turkey",3.6706
2014-10-31,"Brazil",4.239
2014-10-31,"Greece",1.1728
2014-10-31,"India",1.8083
2014-10-31,"Indonesia",2.4481
2014-10-31,"Malaysia",3.1091
2014-10-31,"Mexico",1.7087
2014-10-31,"Philippines",2.173
2014-10-31,"Poland",3.8844
2014-10-31,"South Africa",3.089
2014-10-31,"South Korea",1.3205
2014-10-31,"Taiwan",3.1981
2014-10-31,"Thailand",2.8934
2014-10-31,"Turkey",3.4393
2014-11-28,"Brazil",4.1008
2014-11-28,"Greece",1.1702
2014-11-28,"India",1.7449
2014-11-28,"Indonesia",2.393
2014-11-28,"Malaysia",3.1001
2014-11-28,"Mexico",1.7953
2014-11-28,"Philippines",2.1594
2014-11-28,"Poland",3.9312
2014-11-28,"South Africa",3.0795
2014-11-28,"South Korea",1.2658
2014-11-28,"Taiwan",3.1026
2014-11-28,"Thailand",2.8203
2014-11-28,"Turkey",3.1364
2014-12-31,"Brazil",4.4828
2014-12-31,"Greece",1.4182
2014-12-31,"India",1.8273
2014-12-31,"Indonesia",2.3726
2014-12-31,"Malaysia",3.205
2014-12-31,"Mexico",1.8081
2014-12-31,"Philippines",2.1737
2014-12-31,"Poland",4.0132
2014-12-31,"South Africa",3.0238
2014-12-31,"South Korea",1.3209
2014-12-31,"Taiwan",3.1118
2014-12-31,"Thailand",3.0016
2014-12-31,"Turkey",3.083
2015-01-30,"Brazil",4.56
2015-01-30,"Greece",1.8961
2015-01-30,"India",1.7563
2015-01-30,"Indonesia",2.3662
2015-01-30,"Malaysia",3.1491
2015-01-30,"Mexico",1.8308
2015-01-30,"Philippines",2.0267
2015-01-30,"Poland",3.9893
2015-01-30,"South Africa",2.8592
2015-01-30,"South Korea",1.3119
2015-01-30,"Taiwan",3.0829
2015-01-30,"Thailand",2.7949
2015-01-30,"Turkey",2.942
2015-02-27,"Brazil",4.3099
2015-02-27,"Greece",1.3873
2015-02-27,"India",1.4597
2015-02-27,"Indonesia",2.2692
2015-02-27,"Malaysia",3.1173
2015-02-27,"Mexico",2.0857
2015-02-27,"Philippines",1.9601
2015-02-27,"Poland",3.4253
2015-02-27,"South Africa",2.8485
2015-02-27,"South Korea",1.5881
2015-02-27,"Taiwan",3.2203
2015-02-27,"Thailand",3.0815
2015-02-27,"Turkey",3.4952
2015-03-31,"Brazil",4.2336
2015-03-31,"Greece",2.4163
2015-03-31,"India",1.5164
2015-03-31,"Indonesia",2.3566
2015-03-31,"Malaysia",3.0824
2015-03-31,"Mexico",2.1376
2015-03-31,"Philippines",1.9415
2015-03-31,"Poland",3.9681
2015-03-31,"South Africa",2.8688
2015-03-31,"South Korea",1.5648
2015-03-31,"Taiwan",3.4574
2015-03-31,"Thailand",3.134
2015-03-31,"Turkey",3.2672
2015-04-30,"Brazil",3.8629
2015-04-30,"Greece",2.3046
2015-04-30,"India",1.6358
2015-04-30,"Indonesia",2.5939
2015-04-30,"Malaysia",3.1015
2015-04-30,"Mexico",2.2124
2015-04-30,"Philippines",1.9961
2015-04-30,"Poland",3.6837
2015-04-30,"South Africa",2.7692
2015-04-30,"South Korea",1.5437
2015-04-30,"Taiwan",3.4257
2015-04-30,"Thailand",3.0697
2015-04-30,"Turkey",3.0589
2015-05-29,"Brazil",4.1167
2015-05-29,"Greece",2.2896
2015-05-29,"India",1.5546
2015-05-29,"Indonesia",2.447
2015-05-29,"Malaysia",3.1558
2015-05-29,"Mexico",2.1999
2015-05-29,"Philippines",2.0109
2015-05-29,"Poland",3.8005
2015-05-29,"South Africa",2.9502
2015-05-29,"South Korea",1.5795
2015-05-29,"Taiwan",3.5833
2015-05-29,"Thailand",3.107
2015-05-29,"Turkey",3.0878
2015-06-30,"Brazil",4.0157
2015-06-30,"Greece",2.135
2015-06-30,"India",1.4957
2015-06-30,"Indonesia",2.5549
2015-06-30,"Malaysia",3.1889
2015-06-30,"Mexico",2.2087
2015-06-30,"Philippines",1.9262
2015-06-30,"Poland",3.9699
2015-06-30,"South Africa",3.1067
2015-06-30,"South Korea",1.6144
2015-06-30,"Taiwan",3.72
2015-06-30,"Thailand",3.0687
2015-06-30,"Turkey",3.0594
2015-07-31,"Brazil",4.317
2015-07-31,"Greece",2.0428
2015-07-31,"India",1.474
2015-07-31,"Indonesia",2.6333
2015-07-31,"Malaysia",3.1489
2015-07-31,"Mexico",2.2454
2015-07-31,"Philippines",1.9248
2015-07-31,"Poland",4.0387
2015-07-31,"South Africa",3.1855
2015-07-31,"South Korea",1.6592
2015-07-31,"Taiwan",3.9363
2015-07-31,"Thailand",3.1468
2015-07-31,"Turkey",3.0256
2015-08-31,"Brazil",4.8372
2015-08-31,"Greece",3.0932
2015-08-31,"India",1.5451
2015-08-31,"Indonesia",2.7182
2015-08-31,"Malaysia",3.3065
2015-08-31,"Mexico",2.3529
2015-08-31,"Philippines",2.0124
2015-08-31,"Poland",4.1132
2015-08-31,"South Africa",3.2878
2015-08-31,"South Korea",1.7314
2015-08-31,"Taiwan",4.1354
2015-08-31,"Thailand",3.2462
2015-08-31,"Turkey",3.1637
2015-09-30,"Brazil",5.0062
2015-09-30,"Greece",2.785
2015-09-30,"India",1.5539
2015-09-30,"Indonesia",2.9966
2015-09-30,"Malaysia",3.2421
2015-09-30,"Mexico",2.5298
2015-09-30,"Philippines",2.0305
2015-09-30,"Poland",4.2824
2015-09-30,"South Africa",3.3615
2015-09-30,"South Korea",1.693
2015-09-30,"Taiwan",4.1985
2015-09-30,"Thailand",3.3636
2015-09-30,"Turkey",3.2512
2015-10-30,"Brazil",4.7982
2015-10-30,"Greece",2.4939
2015-10-30,"India",1.5292
2015-10-30,"Indonesia",2.7218
2015-10-30,"Malaysia",3.1197
2015-10-30,"Mexico",2.3981
2015-10-30,"Philippines",1.9629
2015-10-30,"Poland",4.0915
2015-10-30,"South Africa",3.1149
2015-10-30,"South Korea",1.6654
2015-10-30,"Taiwan",4.0224
2015-10-30,"Thailand",3.2036
2015-10-30,"Turkey",2.9814
2015-11-30,"Brazil",5.0849
2015-11-30,"Greece",3.302
2015-11-30,"India",1.577
2015-11-30,"Indonesia",2.7423
2015-11-30,"Malaysia",3.0838
2015-11-30,"Mexico",2.4503
2015-11-30,"Philippines",2.0088
2015-11-30,"Poland",4.3645
2015-11-30,"South Africa",3.2193
2015-11-30,"South Korea",1.7262
2015-11-30,"Taiwan",4.1583
2015-11-30,"Thailand",3.2323
2015-11-30,"Turkey",3.0988
2015-12-31,"Brazil",5.0985
2015-12-31,"Greece",1.5434
2015-12-31,"India",1.503
2015-12-31,"Indonesia",2.5802
2015-12-31,"Malaysia",3.0087
2015-12-31,"Mexico",2.4721
2015-12-31,"Philippines",1.9674
2015-12-31,"Poland",4.4244
2015-12-31,"South Africa",3.3108
2015-12-31,"South Korea",1.7235
2015-12-31,"Taiwan",4.1878
2015-12-31,"Thailand",3.4037
2015-12-31,"Turkey",3.2717
2016-01-29,"Brazil",5.5186
2016-01-29,"Greece",1.9015
2016-01-29,"India",1.5493
2016-01-29,"Indonesia",2.5038
2016-01-29,"Malaysia",3.0333
2016-01-29,"Mexico",2.6477
2016-01-29,"Philippines",1.9841
2016-01-29,"Poland",4.6169
2016-01-29,"South Africa",3.315
2016-01-29,"South Korea",1.7022
2016-01-29,"Taiwan",4.3061
2016-01-29,"Thailand",3.2912
2016-01-29,"Turkey",3.0637
2016-02-29,"Brazil",4.46
2016-02-29,"Greece",2.2324
2016-02-29,"India",1.6337
2016-02-29,"Indonesia",2.437
2016-02-29,"Malaysia",3.1943
2016-02-29,"Mexico",2.2761
2016-02-29,"Philippines",1.9102
2016-02-29,"Poland",4.076
2016-02-29,"South Africa",3.3322
2016-02-29,"South Korea",1.9827
2016-02-29,"Taiwan",4.3216
2016-02-29,"Thailand",3.2298
2016-02-29,"Turkey",3.3136
2016-03-31,"Brazil",3.6447
2016-03-31,"Greece",1.7179
2016-03-31,"India",1.5002
2016-03-31,"Indonesia",2.4074
2016-03-31,"Malaysia",3.0316
2016-03-31,"Mexico",2.1251
2016-03-31,"Philippines",1.9163
2016-03-31,"Poland",3.7869
2016-03-31,"South Africa",3.1245
2016-03-31,"South Korea",1.8893
2016-03-31,"Taiwan",4.0049
2016-03-31,"Thailand",3.0294
2016-03-31,"Turkey",3.0617
2016-04-29,"Brazil",3.3015
2016-04-29,"Greece",1.6024
2016-04-29,"India",1.6424
2016-04-29,"Indonesia",2.4342
2016-04-29,"Malaysia",3.1108
2016-04-29,"Mexico",2.1593
2016-04-29,"Philippines",1.9294
2016-04-29,"Poland",3.9338
2016-04-29,"South Africa",3.1152
2016-04-29,"South Korea",1.8925
2016-04-29,"Taiwan",4.3273
2016-04-29,"Thailand",3.0042
2016-04-29,"Turkey",3.0496
2016-05-31,"Brazil",3.7606
2016-05-31,"Greece",1.3934
2016-05-31,"India",1.5687
2016-05-31,"Indonesia",2.4321
2016-05-31,"Malaysia",3.1338
2016-05-31,"Mexico",2.2191
2016-05-31,"Philippines",1.8037
2016-05-31,"Poland",4.0522
2016-05-31,"South Africa",3.0815
2016-05-31,"South Korea",1.9053
2016-05-31,"Taiwan",4.1904
2016-05-31,"Thailand",2.9298
2016-05-31,"Turkey",3.3995
2016-06-30,"Brazil",3.4104
2016-06-30,"Greece",2.0001
2016-06-30,"India",1.5193
2016-06-30,"Indonesia",2.274
2016-06-30,"Malaysia",2.995
2016-06-30,"Mexico",2.1859
2016-06-30,"Philippines",1.6351
2016-06-30,"Poland",4.0462
2016-06-30,"South Africa",2.9574
2016-06-30,"South Korea",1.8709
2016-06-30,"Taiwan",4.0712
2016-06-30,"Thailand",2.9451
2016-06-30,"Turkey",3.4669
2016-07-29,"Brazil",2.9326
2016-07-29,"Greece",1.8912
2016-07-29,"India",1.4598
2016-07-29,"Indonesia",2.1626
2016-07-29,"Malaysia",2.9854
2016-07-29,"Mexico",2.1798
2016-07-29,"Philippines",1.6107
2016-07-29,"Poland",3.9992
2016-07-29,"South Africa",2.8348
2016-07-29,"South Korea",1.7903
2016-07-29,"Taiwan",3.9355
2016-07-29,"Thailand",2.8199
2016-07-29,"Turkey",3.5208
2016-08-31,"Brazil",2.83
2016-08-31,"Greece",1.941
2016-08-31,"India",1.4511
2016-08-31,"Indonesia",2.1136
2016-08-31,"Malaysia",2.9238
2016-08-31,"Mexico",2.2598
2016-08-31,"Philippines",1.5553
2016-08-31,"Poland",3.8097
2016-08-31,"South Africa",2.8783
2016-08-31,"South Korea",1.7329
2016-08-31,"Taiwan",3.8401
2016-08-31,"Thailand",2.808
2016-08-31,"Turkey",3.491
2016-09-30,"Brazil",2.681
2016-09-30,"Greece",2.0377
2016-09-30,"India",1.4533
2016-09-30,"Indonesia",2.1095
2016-09-30,"Malaysia",2.9366
2016-09-30,"Mexico",2.2181
2016-09-30,"Philippines",1.6142
2016-09-30,"Poland",4.0732
2016-09-30,"South Africa",2.8828
2016-09-30,"South Korea",1.7221
2016-09-30,"Taiwan",3.7966
2016-09-30,"Thailand",2.9311
2016-09-30,"Turkey",3.4016
2016-10-31,"Brazil",2.4708
2016-10-31,"Greece",1.9536
2016-10-31,"India",1.4373
2016-10-31,"Indonesia",2.1224
2016-10-31,"Malaysia",2.8713
2016-10-31,"Mexico",2.1459
2016-10-31,"Philippines",1.6511
2016-10-31,"Poland",3.7118
2016-10-31,"South Africa",2.9347
2016-10-31,"South Korea",1.7731
2016-10-31,"Taiwan",3.7705
2016-10-31,"Thailand",2.9842
2016-10-31,"Turkey",3.3059
2016-11-30,"Brazil",2.4573
2016-11-30,"Greece",1.7079
2016-11-30,"India",1.5113
2016-11-30,"Indonesia",2.3533
2016-11-30,"Malaysia",2.9339
2016-11-30,"Mexico",2.2379
2016-11-30,"Philippines",1.8033
2016-11-30,"Poland",3.733
2016-11-30,"South Africa",3.0959
2016-11-30,"South Korea",1.8196
2016-11-30,"Taiwan",3.9081
2016-11-30,"Thailand",2.9834
2016-11-30,"Turkey",3.4281
2016-12-30,"Brazil",2.5452
2016-12-30,"Greece",1.7072
2016-12-30,"India",1.5193
2016-12-30,"Indonesia",2.2302
2016-12-30,"Malaysia",2.9143
2016-12-30,"Mexico",2.2453
2016-12-30,"Philippines",1.7824
2016-12-30,"Poland",3.0172
2016-12-30,"South Africa",2.9978
2016-12-30,"South Korea",1.794
2016-12-30,"Taiwan",3.8986
2016-12-30,"Thailand",2.8506
2016-12-30,"Turkey",3.1831
2017-01-31,"Brazil",2.3029
2017-01-31,"Greece",1.9058
2017-01-31,"India",1.4427
2017-01-31,"Indonesia",2.2726
2017-01-31,"Malaysia",2.8863
2017-01-31,"Mexico",2.649
2017-01-31,"Philippines",1.6957
2017-01-31,"Poland",2.6533
2017-01-31,"South Africa",2.9446
2017-01-31,"South Korea",1.7163
2017-01-31,"Taiwan",3.8117
2017-01-31,"Thailand",2.8249
2017-01-31,"Turkey",2.5573
2017-02-28,"Brazil",2.4085
2017-02-28,"Greece",1.8765
2017-02-28,"India",1.3958
2017-02-28,"Indonesia",2.3287
2017-02-28,"Malaysia",3.0083
2017-02-28,"Mexico",2.6737
2017-02-28,"Philippines",1.662
2017-02-28,"Poland",2.3513
2017-02-28,"South Africa",2.9879
2017-02-28,"South Korea",1.9562
2017-02-28,"Taiwan",3.854
2017-02-28,"Thailand",2.8741
2017-02-28,"Turkey",3.4317
2017-03-31,"Brazil",3.471
2017-03-31,"Greece",1.7956
2017-03-31,"India",1.3607
2017-03-31,"Indonesia",2.3932
2017-03-31,"Malaysia",2.9993
2017-03-31,"Mexico",2.583
2017-03-31,"Philippines",1.6296
2017-03-31,"Poland",2.7502
2017-03-31,"South Africa",2.9723
2017-03-31,"South Korea",1.9028
2017-03-31,"Taiwan",4.2496
2017-03-31,"Thailand",2.8212
2017-03-31,"Turkey",3.4919
2017-04-28,"Brazil",3.4512
2017-04-28,"Greece",1.7433
2017-04-28,"India",1.5898
2017-04-28,"Indonesia",2.3596
2017-04-28,"Malaysia",2.9518
2017-04-28,"Mexico",2.6587
2017-04-28,"Philippines",1.5744
2017-04-28,"Poland",2.4948
2017-04-28,"South Africa",2.8477
2017-04-28,"South Korea",1.8889
2017-04-28,"Taiwan",4.0929
2017-04-28,"Thailand",2.8412
2017-04-28,"Turkey",3.3274
2017-05-31,"Brazil",3.5315
2017-05-31,"Greece",1.5237
2017-05-31,"India",1.5687
2017-05-31,"Indonesia",2.3783
2017-05-31,"Malaysia",2.974
2017-05-31,"Mexico",2.5932
2017-05-31,"Philippines",1.5314
2017-05-31,"Poland",2.5827
2017-05-31,"South Africa",2.7954
2017-05-31,"South Korea",1.7561
2017-05-31,"Taiwan",4.0502
2017-05-31,"Thailand",2.8967
2017-05-31,"Turkey",3.4336
2017-06-30,"Brazil",3.3368
2017-06-30,"Greece",1.4401
2017-06-30,"India",1.5607
2017-06-30,"Indonesia",2.3777
2017-06-30,"Malaysia",3.0103
2017-06-30,"Mexico",2.6596
2017-06-30,"Philippines",1.5033
2017-06-30,"Poland",2.5084
2017-06-30,"South Africa",3.1353
2017-06-30,"South Korea",1.7643
2017-06-30,"Taiwan",3.871
2017-06-30,"Thailand",2.9012
2017-06-30,"Turkey",3.3796
2017-07-31,"Brazil",3.276
2017-07-31,"Greece",1.4705
2017-07-31,"India",1.4451
2017-07-31,"Indonesia",2.3895
2017-07-31,"Malaysia",3.0036
2017-07-31,"Mexico",2.6089
2017-07-31,"Philippines",1.4646
2017-07-31,"Poland",2.4305
2017-07-31,"South Africa",2.9313
2017-07-31,"South Korea",1.7828
2017-07-31,"Taiwan",3.8403
2017-07-31,"Thailand",2.8987
2017-07-31,"Turkey",3.286
2017-08-31,"Brazil",3.0486
2017-08-31,"Greece",1.465
2017-08-31,"India",1.4694
2017-08-31,"Indonesia",2.4051
2017-08-31,"Malaysia",2.9638
2017-08-31,"Mexico",2.6471
2017-08-31,"Philippines",1.4698
2017-08-31,"Poland",2.3049
2017-08-31,"South Africa",3.0214
2017-08-31,"South Korea",1.8031
2017-08-31,"Taiwan",3.8432
2017-08-31,"Thailand",2.8316
2017-08-31,"Turkey",3.4039
2017-09-29,"Brazil",2.9216
2017-09-29,"Greece",1.6511
2017-09-29,"India",1.5025
2017-09-29,"Indonesia",2.3773
2017-09-29,"Malaysia",2.9616
2017-09-29,"Mexico",2.7304
2017-09-29,"Philippines",1.3695
2017-09-29,"Poland",2.369
2017-09-29,"South Africa",3.1099
2017-09-29,"South Korea",1.7491
2017-09-29,"Taiwan",4.059
2017-09-29,"Thailand",2.755
2017-09-29,"Turkey",3.7267
2017-10-31,"Brazil",2.9459
2017-10-31,"Greece",1.6491
2017-10-31,"India",1.4197
2017-10-31,"Indonesia",2.3935
2017-10-31,"Malaysia",3.1319
2017-10-31,"Mexico",2.7508
2017-10-31,"Philippines",1.3313
2017-10-31,"Poland",2.354
2017-10-31,"South Africa",2.7402
2017-10-31,"South Korea",1.6367
2017-10-31,"Taiwan",3.8525
2017-10-31,"Thailand",2.6969
2017-10-31,"Turkey",3.8371
2017-11-30,"Brazil",3.279
2017-11-30,"China",2.0843
2017-11-30,"Greece",2.0619
2017-11-30,"India",1.437
2017-11-30,"Indonesia",2.4165
2017-11-30,"Malaysia",3.2033
2017-11-30,"Mexico",2.8206
2017-11-30,"Philippines",1.3979
2017-11-30,"Poland",2.529
2017-11-30,"South Africa",2.5704
2017-11-30,"South Korea",1.689
2017-11-30,"Taiwan",3.8971
2017-11-30,"Thailand",2.7354
2017-11-30,"Turkey",4.1487
2017-12-29,"Brazil",2.789
2017-12-29,"China",2.1852
2017-12-29,"Greece",1.7959
2017-12-29,"India",1.3693
2017-12-29,"Indonesia",2.2192
2017-12-29,"Malaysia",3.1028
2017-12-29,"Mexico",2.7777
2017-12-29,"Philippines",1.4222
2017-12-29,"Poland",2.5162
2017-12-29,"South Africa",2.6495
2017-12-29,"South Korea",1.6919
2017-12-29,"Taiwan",3.858
2017-12-29,"Thailand",2.6294
2017-12-29,"Turkey",3.9186
2018-01-31,"Brazil",2.4284
2018-01-31,"China",2.0006
2018-01-31,"Greece",1.6632
2018-01-31,"India",1.3214
2018-01-31,"Indonesia",2.2906
2018-01-31,"Malaysia",3.015
2018-01-31,"Mexico",2.5575
2018-01-31,"Philippines",1.4047
2018-01-31,"Poland",2.4202
2018-01-31,"South Africa",2.7327
2018-01-31,"South Korea",1.6277
2018-01-31,"Taiwan",3.6814
2018-01-31,"Thailand",2.541
2018-01-31,"Turkey",3.596
2018-02-28,"Brazil",2.7508
2018-02-28,"China",2.1903
2018-02-28,"Greece",2.1609
2018-02-28,"India",1.4052
2018-02-28,"Indonesia",2.3386
2018-02-28,"Malaysia",3.0485
2018-02-28,"Mexico",2.9312
2018-02-28,"Philippines",1.4647
2018-02-28,"Poland",2.4179
2018-02-28,"South Africa",2.7802
2018-02-28,"South Korea",2.2429
2018-02-28,"Taiwan",3.743
2018-02-28,"Thailand",2.6738
2018-02-28,"Turkey",4.2138
2018-03-30,"Brazil",3.2909
2018-03-30,"China",2.3483
2018-03-30,"Greece",2.5171
2018-03-30,"India",1.4651
2018-03-30,"Indonesia",2.722
2018-03-30,"Malaysia",3.0738
2018-03-30,"Mexico",2.9649
2018-03-30,"Philippines",1.6632
2018-03-30,"Poland",3.1484
2018-03-30,"South Africa",2.9746
2018-03-30,"South Korea",2.2406
2018-03-30,"Taiwan",4.0481
2018-03-30,"Thailand",2.7545
2018-03-30,"Turkey",4.4823
2018-04-30,"Brazil",3.5599
2018-04-30,"China",2.6393
2018-04-30,"Greece",2.1284
2018-04-30,"India",1.6269
2018-04-30,"Indonesia",2.853
2018-04-30,"Malaysia",3.0905
2018-04-30,"Mexico",2.8425
2018-04-30,"Philippines",1.7168
2018-04-30,"Poland",2.9263
2018-04-30,"South Africa",2.8757
2018-04-30,"South Korea",2.1875
2018-04-30,"Taiwan",4.2121
2018-04-30,"Thailand",2.7518
2018-04-30,"Turkey",5.0126
2018-05-31,"Brazil",4.1112
2018-05-31,"China",2.6177
2018-05-31,"Greece",2.5888
2018-05-31,"India",1.6243
2018-05-31,"Indonesia",2.9103
2018-05-31,"Malaysia",3.3185
2018-05-31,"Mexico",3.1519
2018-05-31,"Philippines",1.7633
2018-05-31,"Poland",3.1241
2018-05-31,"South Africa",3.0145
2018-05-31,"South Korea",2.2935
2018-05-31,"Taiwan",4.0944
2018-05-31,"Thailand",2.8757
2018-05-31,"Turkey",5.0924
2018-06-29,"Brazil",4.2568
2018-06-29,"China",2.8487
2018-06-29,"Greece",2.4828
2018-06-29,"India",1.6438
2018-06-29,"Indonesia",2.9886
2018-06-29,"Malaysia",3.2989
2018-06-29,"Mexico",2.7993
2018-06-29,"Philippines",1.816
2018-06-29,"Poland",3.1524
2018-06-29,"South Africa",2.8796
2018-06-29,"South Korea",2.3896
2018-06-29,"Taiwan",4.1546
2018-06-29,"Thailand",3.1262
2018-06-29,"Turkey",5.1607
2018-07-31,"Brazil",3.8025
2018-07-31,"China",2.8624
2018-07-31,"Greece",2.4232
2018-07-31,"India",1.5536
2018-07-31,"Indonesia",2.8597
2018-07-31,"Malaysia",3.1247
2018-07-31,"Mexico",2.6971
2018-07-31,"Philippines",1.6937
2018-07-31,"Poland",2.9462
2018-07-31,"South Africa",2.9009
2018-07-31,"South Korea",2.4068
2018-07-31,"Taiwan",4.0169
2018-07-31,"Thailand",2.8925
2018-07-31,"Turkey",4.9647
2018-08-31,"Brazil",4.1145
2018-08-31,"China",3.0662
2018-08-31,"Greece",2.7213
2018-08-31,"India",1.5005
2018-08-31,"Indonesia",2.7816
2018-08-31,"Malaysia",3.1097
2018-08-31,"Mexico",2.7507
2018-08-31,"Philippines",1.6399
2018-08-31,"Poland",2.8464
2018-08-31,"South Africa",2.9412
2018-08-31,"South Korea",2.4807
2018-08-31,"Taiwan",3.98
2018-08-31,"Thailand",2.8901
2018-08-31,"Turkey",5.1697
2018-09-28,"Brazil",3.8898
2018-09-28,"China",2.9977
2018-09-28,"Greece",3.4364
2018-09-28,"India",1.5975
2018-09-28,"Indonesia",2.7735
2018-09-28,"Malaysia",3.1435
2018-09-28,"Mexico",2.7645
2018-09-28,"Philippines",1.757
2018-09-28,"Poland",2.9866
2018-09-28,"South Africa",3.1626
2018-09-28,"South Korea",2.4156
2018-09-28,"Taiwan",4.0391
2018-09-28,"Thailand",2.8369
2018-09-28,"Turkey",4.7447
2018-10-31,"Brazil",3.6347
2018-10-31,"China",3.1442
2018-10-31,"Greece",3.6554
2018-10-31,"India",1.641
2018-10-31,"Indonesia",2.8127
2018-10-31,"Malaysia",3.3095
2018-10-31,"Mexico",3.246
2018-10-31,"Philippines",1.774
2018-10-31,"Poland",3.1119
2018-10-31,"South Africa",3.492
2018-10-31,"South Korea",2.7119
2018-10-31,"Taiwan",4.5763
2018-10-31,"Thailand",2.9687
2018-10-31,"Turkey",4.9137
2018-11-30,"Brazil",3.5744
2018-11-30,"China",3.085
2018-11-30,"Greece",3.7917
2018-11-30,"India",1.5886
2018-11-30,"Indonesia",2.6554
2018-11-30,"Malaysia",3.2866
2018-11-30,"Mexico",3.4019
2018-11-30,"Philippines",1.7081
2018-11-30,"Poland",3.0054
2018-11-30,"South Africa",3.3316
2018-11-30,"South Korea",2.6823
2018-11-30,"Taiwan",4.5217
2018-11-30,"Thailand",3.0191
2018-11-30,"Turkey",4.6838
2018-12-31,"Brazil",3.5542
2018-12-31,"China",3.1765
2018-12-31,"Greece",4.8679
2018-12-31,"India",1.5774
2018-12-31,"Indonesia",2.6002
2018-12-31,"Malaysia",3.2678
2018-12-31,"Mexico",3.3603
2018-12-31,"Philippines",1.6564
2018-12-31,"Poland",2.9523
2018-12-31,"South Africa",3.2573
2018-12-31,"South Korea",2.6513
2018-12-31,"Taiwan",4.5693
2018-12-31,"Thailand",3.0877
2018-12-31,"Turkey",5.0882
2019-01-31,"Brazil",3.0106
2019-01-31,"China",2.8512
2019-01-31,"Greece",4.2997
2019-01-31,"India",1.5508
2019-01-31,"Indonesia",2.5031
2019-01-31,"Malaysia",3.26
2019-01-31,"Mexico",2.9477
2019-01-31,"Philippines",1.5406
2019-01-31,"Poland",3.107
2019-01-31,"South Africa",3.1438
2019-01-31,"South Korea",2.3987
2019-01-31,"Taiwan",4.3992
2019-01-31,"Thailand",2.86
2019-01-31,"Turkey",3.5768
2019-02-28,"Brazil",3.9871
2019-02-28,"China",2.5019
2019-02-28,"Greece",4.1402
2019-02-28,"India",1.5494
2019-02-28,"Indonesia",2.617
2019-02-28,"Malaysia",3.2808
2019-02-28,"Mexico",3.6812
2019-02-28,"Philippines",1.6039
2019-02-28,"Poland",3.148
2019-02-28,"South Africa",3.2495
2019-02-28,"South Korea",2.6059
2019-02-28,"Taiwan",4.126
2019-02-28,"Thailand",2.9394
2019-02-28,"Turkey",5.2003
2019-03-29,"Brazil",3.844
2019-03-29,"China",2.4192
2019-03-29,"Greece",4.7549
2019-03-29,"India",1.4522
2019-03-29,"Indonesia",2.7259
2019-03-29,"Malaysia",3.3632
2019-03-29,"Mexico",3.7325
2019-03-29,"Philippines",1.5226
2019-03-29,"Poland",3.2934
2019-03-29,"South Africa",3.2635
2019-03-29,"South Korea",2.6661
2019-03-29,"Taiwan",4.1805
2019-03-29,"Thailand",2.9765
2019-03-29,"Turkey",5.6203
2019-04-30,"Brazil",3.7842
2019-04-30,"China",2.6587
2019-04-30,"Greece",4.5224
2019-04-30,"India",1.5973
2019-04-30,"Indonesia",2.6867
2019-04-30,"Malaysia",3.3549
2019-04-30,"Mexico",3.7369
2019-04-30,"Philippines",1.6548
2019-04-30,"Poland",3.3083
2019-04-30,"South Africa",3.0563
2019-04-30,"South Korea",2.5628
2019-04-30,"Taiwan",4.08
2019-04-30,"Thailand",2.8992
2019-04-30,"Turkey",5.0079
2019-05-31,"Brazil",3.6528
2019-05-31,"China",2.7295
2019-05-31,"Greece",3.0451
2019-05-31,"India",1.542
2019-05-31,"Indonesia",2.7505
2019-05-31,"Malaysia",3.4267
2019-05-31,"Mexico",3.8664
2019-05-31,"Philippines",1.6594
2019-05-31,"Poland",3.4512
2019-05-31,"Saudi Arabia",4.0373
2019-05-31,"South Africa",3.2028
2019-05-31,"South Korea",2.7397
2019-05-31,"Taiwan",4.3116
2019-05-31,"Thailand",3.001
2019-05-31,"Turkey",5.1986
2019-06-28,"Brazil",3.4911
2019-06-28,"China",2.5394
2019-06-28,"Greece",2.9496
2019-06-28,"India",1.5646
2019-06-28,"Indonesia",2.6679
2019-06-28,"Malaysia",3.4498
2019-06-28,"Mexico",3.7229
2019-06-28,"Philippines",1.6462
2019-06-28,"Poland",3.4263
2019-06-28,"South Africa",3.4417
2019-06-28,"South Korea",2.5691
2019-06-28,"Taiwan",4.2349
2019-06-28,"Thailand",2.8153
2019-06-28,"Turkey",4.9241
2019-06-30,"Saudi Arabia",3.9002
2019-07-31,"Brazil",3.3127
2019-07-31,"China",2.5834
2019-07-31,"Greece",3.3125
2019-07-31,"India",1.7073
2019-07-31,"Indonesia",2.6524
2019-07-31,"Malaysia",3.5296
2019-07-31,"Mexico",4.0002
2019-07-31,"Philippines",1.6384
2019-07-31,"Poland",3.4675
2019-07-31,"Saudi Arabia",3.9237
2019-07-31,"South Africa",3.5111
2019-07-31,"South Korea",2.6492
2019-07-31,"Taiwan",4.1316
2019-07-31,"Thailand",2.8662
2019-07-31,"Turkey",4.5642
2019-08-30,"Brazil",3.1839
2019-08-30,"China",2.678
2019-08-30,"Greece",3.3838
2019-08-30,"India",1.6594
2019-08-30,"Indonesia",2.7264
2019-08-30,"Malaysia",3.6299
2019-08-30,"Mexico",3.8874
2019-08-30,"Philippines",1.645
2019-08-30,"Poland",3.764
2019-08-30,"South Africa",3.6009
2019-08-30,"South Korea",2.7101
2019-08-30,"Taiwan",4.1892
2019-08-30,"Thailand",2.9074
2019-08-30,"Turkey",4.9751
2019-08-31,"Saudi Arabia",4.218
2019-09-30,"Brazil",3.2411
2019-09-30,"China",2.6306
2019-09-30,"Greece",3.188
2019-09-30,"India",1.6174
2019-09-30,"Indonesia",2.8043
2019-09-30,"Malaysia",3.6744
2019-09-30,"Mexico",3.3132
2019-09-30,"Philippines",1.6848
2019-09-30,"Poland",3.4753
2019-09-30,"Saudi Arabia",4.1551
2019-09-30,"South Africa",4.0193
2019-09-30,"South Korea",2.5471
2019-09-30,"Taiwan",4.0702
2019-09-30,"Thailand",2.9178
2019-09-30,"Turkey",4.2023
2019-10-31,"Brazil",3.0788
2019-10-31,"China",2.5636
2019-10-31,"Greece",3.0213
2019-10-31,"India",1.551
2019-10-31,"Indonesia",2.7493
2019-10-31,"Malaysia",3.641
2019-10-31,"Mexico",3.3173
2019-10-31,"Philippines",1.643
2019-10-31,"Poland",3.4239
2019-10-31,"Saudi Arabia",4.3488
2019-10-31,"South Africa",3.833
2019-10-31,"South Korea",2.4737
2019-10-31,"Taiwan",3.8203
2019-10-31,"Thailand",2.9779
2019-10-31,"Turkey",4.4035
2019-11-29,"Brazil",3.1118
2019-11-29,"China",2.962
2019-11-29,"Greece",2.5166
2019-11-29,"India",1.4618
2019-11-29,"Indonesia",2.7756
2019-11-29,"Malaysia",3.7117
2019-11-29,"Mexico",3.4804
2019-11-29,"Philippines",1.6651
2019-11-29,"Poland",3.441
2019-11-29,"South Africa",3.7721
2019-11-29,"South Korea",2.4814
2019-11-29,"Taiwan",3.7862
2019-11-29,"Thailand",2.8792
2019-11-29,"Turkey",3.9286
2019-11-30,"Saudi Arabia",4.2362
2019-12-31,"Brazil",2.8533
2019-12-31,"China",2.2267
2019-12-31,"Greece",2.6936
2019-12-31,"India",1.4445
2019-12-31,"Indonesia",2.6544
2019-12-31,"Malaysia",3.6394
2019-12-31,"Mexico",3.3265
2019-12-31,"Philippines",1.651
2019-12-31,"Poland",3.3503
2019-12-31,"Saudi Arabia",3.9696
2019-12-31,"South Africa",3.5595
2019-12-31,"South Korea",2.3189
2019-12-31,"Taiwan",3.6086
2019-12-31,"Thailand",2.8749
2019-12-31,"Turkey",3.9998
2020-01-31,"Brazil",3.1773
2020-01-31,"China",2.2726
2020-01-31,"Greece",2.6909
2020-01-31,"India",1.7045
2020-01-31,"Indonesia",3.039
2020-01-31,"Malaysia",3.7839
2020-01-31,"Mexico",3.1663
2020-01-31,"Philippines",1.7899
2020-01-31,"Poland",3.716
2020-01-31,"Saudi Arabia",4.125
2020-01-31,"South Africa",3.5966
2020-01-31,"South Korea",2.3481
2020-01-31,"Taiwan",3.7151
2020-01-31,"Thailand",3.081
2020-01-31,"Turkey",3.0108
2020-02-28,"Brazil",3.7537
2020-02-28,"China",2.2861
2020-02-28,"Greece",3.7485
2020-02-28,"India",1.7441
2020-02-28,"Indonesia",3.2868
2020-02-28,"Malaysia",3.8139
2020-02-28,"Mexico",3.6582
2020-02-28,"Philippines",1.8907
2020-02-28,"Poland",4.2756
2020-02-28,"South Africa",3.9982
2020-02-28,"South Korea",2.6836
2020-02-28,"Taiwan",3.7608
2020-02-28,"Thailand",3.3619
2020-02-28,"Turkey",5.6271
2020-02-29,"Saudi Arabia",4.7505
2020-03-31,"Brazil",5.2167
2020-03-31,"China",2.409
2020-03-31,"Greece",4.7822
2020-03-31,"India",2.1784
2020-03-31,"Indonesia",3.9386
2020-03-31,"Malaysia",3.9999
2020-03-31,"Mexico",4.134
2020-03-31,"Philippines",2.2415
2020-03-31,"Poland",4.4521
2020-03-31,"Saudi Arabia",5.2903
2020-03-31,"South Africa",4.6251
2020-03-31,"South Korea",2.9344
2020-03-31,"Taiwan",4.4479
2020-03-31,"Thailand",3.4674
2020-03-31,"Turkey",6.9741
2020-04-30,"Brazil",4.0995
2020-04-30,"China",2.3662
2020-04-30,"Greece",4.3905
2020-04-30,"India",1.7942
2020-04-30,"Indonesia",3.7839
2020-04-30,"Malaysia",3.6762
2020-04-30,"Mexico",3.3732
2020-04-30,"Philippines",2.2306
2020-04-30,"Poland",3.1896
2020-04-30,"Saudi Arabia",4.1824
2020-04-30,"South Africa",3.9525
2020-04-30,"South Korea",2.6336
2020-04-30,"Taiwan",3.9166
2020-04-30,"Thailand",2.885
2020-04-30,"Turkey",4.9868
2020-05-29,"Brazil",3.4151
2020-05-29,"China",2.3566
2020-05-29,"Greece",4.2597
2020-05-29,"India",1.7247
2020-05-29,"Indonesia",3.6085
2020-05-29,"Malaysia",3.1185
2020-05-29,"Mexico",3.3754
2020-05-29,"Philippines",2.0853
2020-05-29,"Poland",2.7863
2020-05-29,"South Africa",3.9924
2020-05-29,"South Korea",2.5277
2020-05-29,"Taiwan",3.9644
2020-05-29,"Thailand",2.6843
2020-05-29,"Turkey",4.7372
2020-05-31,"Saudi Arabia",3.9831
2020-06-30,"Brazil",2.9852
2020-06-30,"China",2.0801
2020-06-30,"Greece",3.1025
2020-06-30,"India",1.5103
2020-06-30,"Indonesia",3.5067
2020-06-30,"Malaysia",2.9727
2020-06-30,"Mexico",3.2887
2020-06-30,"Philippines",1.916
2020-06-30,"Poland",2.7652
2020-06-30,"Saudi Arabia",3.7711
2020-06-30,"South Africa",3.2845
2020-06-30,"South Korea",2.4127
2020-06-30,"Taiwan",3.686
2020-06-30,"Thailand",2.596
2020-06-30,"Turkey",3.9748
2020-07-31,"Brazil",2.6621
2020-07-31,"China",1.8322
2020-07-31,"Greece",3.1242
2020-07-31,"India",1.3555
2020-07-31,"Indonesia",3.2649
2020-07-31,"Malaysia",2.7935
2020-07-31,"Mexico",3.1806
2020-07-31,"Philippines",1.9893
2020-07-31,"Poland",2.0186
2020-07-31,"Saudi Arabia",3.7303
2020-07-31,"South Africa",3.1324
2020-07-31,"South Korea",2.2476
2020-07-31,"Taiwan",3.2384
2020-07-31,"Thailand",2.5754
2020-07-31,"Turkey",4.3144
2020-08-31,"Brazil",2.7844
2020-08-31,"China",1.7861
2020-08-31,"Greece",3.0811
2020-08-31,"India",1.3421
2020-08-31,"Indonesia",3.1065
2020-08-31,"Malaysia",2.9275
2020-08-31,"Mexico",3.0766
2020-08-31,"Philippines",1.945
2020-08-31,"Poland",2.0218
2020-08-31,"Saudi Arabia",3.0371
2020-08-31,"South Africa",3.0609
2020-08-31,"South Korea",2.2094
2020-08-31,"Taiwan",3.3971
2020-08-31,"Thailand",2.5877
2020-08-31,"Turkey",4.4955
2020-09-30,"Brazil",2.9581
2020-09-30,"China",1.8651
2020-09-30,"Greece",5.9616
2020-09-30,"India",1.2681
2020-09-30,"Indonesia",3.5131
2020-09-30,"Malaysia",2.8313
2020-09-30,"Mexico",3.0252
2020-09-30,"Philippines",1.9462
2020-09-30,"Poland",2.9083
2020-09-30,"Saudi Arabia",3.2722
2020-09-30,"South Africa",3.0998
2020-09-30,"South Korea",2.1583
2020-09-30,"Taiwan",3.384
2020-09-30,"Thailand",2.7659
2020-09-30,"Turkey",4.1711
2020-10-30,"Brazil",3.1448
2020-10-30,"China",1.8154
2020-10-30,"Greece",6.5941
2020-10-30,"India",1.3289
2020-10-30,"Indonesia",3.2875
2020-10-30,"Malaysia",2.9593
2020-10-30,"Mexico",3.2031
2020-10-30,"Philippines",1.7833
2020-10-30,"Poland",3.4919
2020-10-30,"South Africa",3.0165
2020-10-30,"South Korea",2.2172
2020-10-30,"Taiwan",3.3735
2020-10-30,"Thailand",2.8324
2020-10-30,"Turkey",4.4114
2020-10-31,"Saudi Arabia",3.4282
2020-11-30,"Brazil",2.6751
2020-11-30,"China",1.7333
2020-11-30,"Greece",5.023
2020-11-30,"India",1.2623
2020-11-30,"Indonesia",2.981
2020-11-30,"Malaysia",2.7928
2020-11-30,"Mexico",2.7027
2020-11-30,"Philippines",1.6526
2020-11-30,"Poland",2.6574
2020-11-30,"Saudi Arabia",2.8092
2020-11-30,"South Africa",2.9061
2020-11-30,"South Korea",1.9461
2020-11-30,"Taiwan",3.1137
2020-11-30,"Thailand",2.2595
2020-11-30,"Turkey",3.7094
2020-12-31,"Brazil",2.3623
2020-12-31,"China",1.5823
2020-12-31,"Greece",4.6813
2020-12-31,"India",1.1232
2020-12-31,"Indonesia",2.6904
2020-12-31,"Malaysia",2.7786
2020-12-31,"Mexico",2.5897
2020-12-31,"Philippines",1.5684
2020-12-31,"Poland",2.1501
2020-12-31,"Saudi Arabia",2.7783
2020-12-31,"South Africa",2.5717
2020-12-31,"South Korea",1.7555
2020-12-31,"Taiwan",2.8556
2020-12-31,"Thailand",2.1744
2020-12-31,"Turkey",3.4916
2021-01-29,"Brazil",2.5278
2021-01-29,"China",1.5341
2021-01-29,"Greece",5.5041
2021-01-29,"India",1.1518
2021-01-29,"Indonesia",2.6466
2021-01-29,"Malaysia",2.7652
2021-01-29,"Mexico",2.1299
2021-01-29,"Philippines",1.7589
2021-01-29,"Poland",2.2611
2021-01-29,"South Africa",2.3572
2021-01-29,"South Korea",2.305
2021-01-29,"Taiwan",2.6908
2021-01-29,"Thailand",6.2716
2021-01-29,"Turkey",3.5399
2021-01-31,"Saudi Arabia",2.7133
2021-02-26,"Brazil",2.7022
2021-02-26,"China",1.5532
2021-02-26,"Greece",5.3062
2021-02-26,"India",1.3653
2021-02-26,"Indonesia",2.3917
2021-02-26,"Malaysia",4.068
2021-02-26,"Mexico",3.4222
2021-02-26,"Philippines",1.6352
2021-02-26,"Poland",2.1884
2021-02-26,"South Africa",1.9973
2021-02-26,"South Korea",1.8258
2021-02-26,"Taiwan",2.6272
2021-02-26,"Thailand",2.6374
2021-02-26,"Turkey",5.6459
2021-02-28,"Saudi Arabia",3.5667
2021-03-31,"Brazil",4.4678
2021-03-31,"China",1.6939
2021-03-31,"Greece",6.6146
2021-03-31,"India",1.3436
2021-03-31,"Indonesia",2.9708
2021-03-31,"Malaysia",4.22
2021-03-31,"Mexico",3.1404
2021-03-31,"Philippines",1.7343
2021-03-31,"Poland",3.3385
2021-03-31,"Saudi Arabia",3.3597
2021-03-31,"South Africa",1.5844
2021-03-31,"South Korea",1.8111
2021-03-31,"Taiwan",2.9966
2021-03-31,"Thailand",2.5615
2021-03-31,"Turkey",6.3618
2021-04-30,"Brazil",4.6103
2021-04-30,"China",1.8743
2021-04-30,"Greece",5.5949
2021-04-30,"India",1.3314
2021-04-30,"Indonesia",3.0523
2021-04-30,"Malaysia",4.1484
2021-04-30,"Mexico",3.0478
2021-04-30,"Philippines",1.8895
2021-04-30,"Poland",3.2145
2021-04-30,"Saudi Arabia",3.1514
2021-04-30,"South Africa",1.9001
2021-04-30,"South Korea",1.8118
2021-04-30,"Taiwan",2.9471
2021-04-30,"Thailand",2.667
2021-04-30,"Turkey",6.9239
2021-05-31,"Brazil",4.4564
2021-05-31,"China",1.7291
2021-05-31,"Greece",5.3948
2021-05-31,"India",1.2698
2021-05-31,"Indonesia",2.9345
2021-05-31,"Malaysia",4.3298
2021-05-31,"Mexico",2.8955
2021-05-31,"Philippines",1.7784
2021-05-31,"Poland",3.5418
2021-05-31,"Saudi Arabia",3.1851
2021-05-31,"South Africa",1.8781
2021-05-31,"South Korea",1.7688
2021-05-31,"Taiwan",3.1583
2021-05-31,"Thailand",2.6735
2021-05-31,"Turkey",7.9042
2021-06-30,"Brazil",4.435
2021-06-30,"China",1.7399
2021-06-30,"Greece",5.5689
2021-06-30,"India",1.2645
2021-06-30,"Indonesia",3.1124
2021-06-30,"Malaysia",4.434
2021-06-30,"Mexico",2.9371
2021-06-30,"Philippines",1.7164
2021-06-30,"Poland",3.4692
2021-06-30,"Saudi Arabia",3.0146
2021-06-30,"South Africa",3.7442
2021-06-30,"South Korea",1.7015
2021-06-30,"Taiwan",3.1357
2021-06-30,"Thailand",2.685
2021-06-30,"Turkey",7.8191
2021-07-30,"Brazil",4.9943
2021-07-30,"China",1.8889
2021-07-30,"Greece",4.1606
2021-07-30,"India",1.2574
2021-07-30,"Indonesia",3.2112
2021-07-30,"Malaysia",4.5228
2021-07-30,"Mexico",2.9579
2021-07-30,"Philippines",1.9196
2021-07-30,"Poland",3.3189
2021-07-30,"South Africa",3.7736
2021-07-30,"South Korea",1.7798
2021-07-30,"Taiwan",3.2522
2021-07-30,"Thailand",2.8092
2021-07-30,"Turkey",7.9068
2021-07-31,"Saudi Arabia",3.0875
2021-08-31,"Brazil",6.1033
2021-08-31,"China",1.9492
2021-08-31,"Greece",3.883
2021-08-31,"India",1.1826
2021-08-31,"Indonesia",2.9747
2021-08-31,"Malaysia",4.1586
2021-08-31,"Mexico",2.8591
2021-08-31,"Philippines",1.6406
2021-08-31,"Poland",3.2749
2021-08-31,"Saudi Arabia",2.8779
2021-08-31,"South Africa",4.402
2021-08-31,"South Korea",1.8164
2021-08-31,"Taiwan",3.2253
2021-08-31,"Thailand",2.5443
2021-08-31,"Turkey",7.6132
2021-09-30,"Brazil",6.7158
2021-09-30,"China",1.8742
2021-09-30,"Greece",4.1854
2021-09-30,"India",1.1531
2021-09-30,"Indonesia",3.1032
2021-09-30,"Malaysia",4.2764
2021-09-30,"Mexico",2.9717
2021-09-30,"Philippines",1.6559
2021-09-30,"Poland",3.3004
2021-09-30,"Saudi Arabia",2.7732
2021-09-30,"South Africa",4.061
2021-09-30,"South Korea",1.8714
2021-09-30,"Taiwan",3.3586
2021-09-30,"Thailand",2.6178
2021-09-30,"Turkey",8.2044
2021-10-29,"Brazil",7.8352
2021-10-29,"China",1.8172
2021-10-29,"Greece",4.4467
2021-10-29,"India",1.153
2021-10-29,"Indonesia",2.8201
2021-10-29,"Malaysia",4.2471
2021-10-29,"Mexico",3.2958
2021-10-29,"Philippines",1.6285
2021-10-29,"Poland",3.1385
2021-10-29,"South Africa",3.9783
2021-10-29,"South Korea",1.9648
2021-10-29,"Taiwan",3.3584
2021-10-29,"Thailand",2.5874
2021-10-29,"Turkey",7.6398
2021-10-31,"Saudi Arabia",2.7123
2021-11-30,"Brazil",8.9324
2021-11-30,"China",1.8211
2021-11-30,"Greece",4.875
2021-11-30,"India",1.1995
2021-11-30,"Indonesia",2.9506
2021-11-30,"Malaysia",4.4161
2021-11-30,"Mexico",2.9811
2021-11-30,"Philippines",1.582
2021-11-30,"Poland",3.3629
2021-11-30,"Saudi Arabia",2.9944
2021-11-30,"South Africa",4.0006
2021-11-30,"South Korea",2.04
2021-11-30,"Taiwan",3.3415
2021-11-30,"Thailand",2.7316
2021-11-30,"Turkey",6.6131
2021-12-31,"Brazil",8.8124
2021-12-31,"China",1.7546
2021-12-31,"Greece",4.7262
2021-12-31,"India",1.1424
2021-12-31,"Indonesia",2.8777
2021-12-31,"Malaysia",4.1136
2021-12-31,"Mexico",2.7609
2021-12-31,"Philippines",1.58
2021-12-31,"Poland",3.1449
2021-12-31,"Saudi Arabia",2.7779
2021-12-31,"South Africa",3.8655
2021-12-31,"South Korea",1.8936
2021-12-31,"Taiwan",3.2172
2021-12-31,"Thailand",2.6353
2021-12-31,"Turkey",6.5276
2022-01-31,"Brazil",7.4322
2022-01-31,"China",1.9271
2022-01-31,"Greece",4.5374
2022-01-31,"India",1.165
2022-01-31,"Indonesia",3.0535
2022-01-31,"Malaysia",4.2282
2022-01-31,"Mexico",2.9604
2022-01-31,"Philippines",1.5707
2022-01-31,"Poland",3.1518
2022-01-31,"Saudi Arabia",2.5558
2022-01-31,"South Africa",3.7637
2022-01-31,"South Korea",2.0902
2022-01-31,"Taiwan",3.1547
2022-01-31,"Thailand",7.7318
2022-01-31,"Turkey",6.4319
2022-02-28,"Brazil",7.6285
2022-02-28,"China",1.8631
2022-02-28,"Greece",4.621
2022-02-28,"India",1.4549
2022-02-28,"Indonesia",3.301
2022-02-28,"Malaysia",3.7552
2022-02-28,"Mexico",3.5259
2022-02-28,"Philippines",1.4925
2022-02-28,"Poland",3.4993
2022-02-28,"Saudi Arabia",2.9135
2022-02-28,"South Africa",3.5526
2022-02-28,"South Korea",2.1866
2022-02-28,"Taiwan",3.8255
2022-02-28,"Thailand",2.7461
2022-02-28,"Turkey",8.3517
2022-03-31,"Brazil",8.2114
2022-03-31,"China",2.0794
2022-03-31,"Greece",3.7676
2022-03-31,"India",1.4117
2022-03-31,"Indonesia",3.0205
2022-03-31,"Malaysia",3.7214
2022-03-31,"Mexico",3.1794
2022-03-31,"Philippines",1.616
2022-03-31,"Poland",3.7386
2022-03-31,"Saudi Arabia",2.8057
2022-03-31,"South Africa",3.1761
2022-03-31,"South Korea",2.1285
2022-03-31,"Taiwan",3.8428
2022-03-31,"Thailand",2.7522
2022-03-31,"Turkey",7.254
2022-04-29,"Brazil",9.8147
2022-04-29,"China",2.4561
2022-04-29,"Greece",4.4515
2022-04-29,"India",1.468
2022-04-29,"Indonesia",2.9359
2022-04-29,"Malaysia",3.7554
2022-04-29,"Mexico",3.5164
2022-04-29,"Philippines",1.8435
2022-04-29,"Poland",4.2392
2022-04-29,"South Africa",4.846
2022-04-29,"South Korea",2.1625
2022-04-29,"Taiwan",4.1695
2022-04-29,"Thailand",2.7516
2022-04-29,"Turkey",7.3167
2022-04-30,"Saudi Arabia",2.6464
2022-05-31,"Brazil",9.1311
2022-05-31,"China",2.3288
2022-05-31,"Greece",4.424
2022-05-31,"India",1.5426
2022-05-31,"Indonesia",3.117
2022-05-31,"Malaysia",3.744
2022-05-31,"Mexico",3.5547
2022-05-31,"Philippines",1.8744
2022-05-31,"Poland",4.0411
2022-05-31,"Saudi Arabia",2.86
2022-05-31,"South Africa",4.769
2022-05-31,"South Korea",2.2641
2022-05-31,"Taiwan",4.0798
2022-05-31,"Thailand",2.6622
2022-05-31,"Turkey",8.1915
2022-06-30,"Brazil",12.2151
2022-06-30,"China",2.139
2022-06-30,"Greece",5.3969
2022-06-30,"India",1.5469
2022-06-30,"Indonesia",3.3086
2022-06-30,"Malaysia",4.1195
2022-06-30,"Mexico",3.9429
2022-06-30,"Philippines",2.0598
2022-06-30,"Poland",4.3037
2022-06-30,"Saudi Arabia",3.063
2022-06-30,"South Africa",5.1456
2022-06-30,"South Korea",2.5218
2022-06-30,"Taiwan",4.736
2022-06-30,"Thailand",2.8205
2022-06-30,"Turkey",7.5794
2022-07-29,"Brazil",10.2601
2022-07-29,"China",2.2716
2022-07-29,"Greece",5.1332
2022-07-29,"India",1.3877
2022-07-29,"Indonesia",3.2521
2022-07-29,"Malaysia",4.0396
2022-07-29,"Mexico",3.8391
2022-07-29,"Philippines",2.0389
2022-07-29,"Poland",4.0452
2022-07-29,"South Africa",4.8822
2022-07-29,"South Korea",2.3854
2022-07-29,"Taiwan",4.5611
2022-07-29,"Thailand",2.8058
2022-07-29,"Turkey",7.4888
2022-07-31,"Saudi Arabia",2.9308
2022-08-31,"Brazil",13.8907
2022-08-31,"China",2.3206
2022-08-31,"Greece",5.5664
2022-08-31,"India",1.3258
2022-08-31,"Indonesia",3.1262
2022-08-31,"Malaysia",3.9836
2022-08-31,"Mexico",3.9535
2022-08-31,"Philippines",1.9837
2022-08-31,"Poland",4.668
2022-08-31,"Saudi Arabia",2.8472
2022-08-31,"South Africa",4.9774
2022-08-31,"South Korea",2.384
2022-08-31,"Taiwan",4.4645
2022-08-31,"Thailand",2.7307
2022-08-31,"Turkey",6.249
2022-09-30,"Brazil",13.4373
2022-09-30,"China",2.5043
2022-09-30,"Greece",6.0986
2022-09-30,"India",1.6646
2022-09-30,"Indonesia",3.0909
2022-09-30,"Malaysia",4.2139
2022-09-30,"Mexico",3.8746
2022-09-30,"Philippines",2.341
2022-09-30,"Poland",4.9743
2022-09-30,"Saudi Arabia",3.1764
2022-09-30,"South Africa",5.3315
2022-09-30,"South Korea",2.736
2022-09-30,"Taiwan",5.4229
2022-09-30,"Thailand",2.8347
2022-09-30,"Turkey",7.0489
2022-10-31,"Brazil",12.0061
2022-10-31,"China",2.6973
2022-10-31,"Greece",5.8846
2022-10-31,"India",1.5659
2022-10-31,"Indonesia",3.0744
2022-10-31,"Malaysia",4.0145
2022-10-31,"Mexico",3.4275
2022-10-31,"Philippines",2.1521
2022-10-31,"Poland",4.1533
2022-10-31,"Saudi Arabia",3.0972
2022-10-31,"South Africa",5.0291
2022-10-31,"South Korea",2.5121
2022-10-31,"Taiwan",5.2983
2022-10-31,"Thailand",2.7185
2022-10-31,"Turkey",5.9595
2022-11-30,"Brazil",12.3756
2022-11-30,"China",2.3952
2022-11-30,"Greece",5.7262
2022-11-30,"India",1.5223
2022-11-30,"Indonesia",2.9948
2022-11-30,"Malaysia",3.9364
2022-11-30,"Mexico",3.413
2022-11-30,"Philippines",1.9013
2022-11-30,"Poland",4.7022
2022-11-30,"Saudi Arabia",3.2667
2022-11-30,"South Africa",4.5459
2022-11-30,"South Korea",2.4625
2022-11-30,"Taiwan",4.4013
2022-11-30,"Thailand",2.5889
2022-11-30,"Turkey",5.0459
2022-12-30,"Brazil",12.1921
2022-12-30,"China",2.3694
2022-12-30,"Greece",6.1823
2022-12-30,"India",1.556
2022-12-30,"Indonesia",3.1014
2022-12-30,"Malaysia",3.9898
2022-12-30,"Mexico",3.9279
2022-12-30,"Philippines",2.0254
2022-12-30,"Poland",4.3488
2022-12-30,"South Africa",4.6635
2022-12-30,"South Korea",2.6962
2022-12-30,"Taiwan",4.6692
2022-12-30,"Thailand",2.5106
2022-12-30,"Turkey",6.2221
2022-12-31,"Saudi Arabia",3.3509
2023-01-31,"Brazil",11.45
2023-01-31,"China",2.1803
2023-01-31,"Greece",5.9942
2023-01-31,"India",1.6886
2023-01-31,"Indonesia",3.7855
2023-01-31,"Malaysia",3.9948
2023-01-31,"Mexico",3.5028
2023-01-31,"Philippines",1.9621
2023-01-31,"Poland",4.1274
2023-01-31,"Saudi Arabia",3.2728
2023-01-31,"South Africa",4.187
2023-01-31,"South Korea",2.4677
2023-01-31,"Taiwan",4.2187
2023-01-31,"Thailand",2.5262
2023-01-31,"Turkey",6.9927
2023-02-28,"Brazil",12.6417
2023-02-28,"China",2.2843
2023-02-28,"Greece",4.9558
2023-02-28,"India",1.5839
2023-02-28,"Indonesia",4.8431
2023-02-28,"Malaysia",4.329
2023-02-28,"Mexico",3.7844
2023-02-28,"Philippines",2.1394
2023-02-28,"Poland",5.4921
2023-02-28,"Saudi Arabia",3.1114
2023-02-28,"South Africa",4.2534
2023-02-28,"South Korea",2.4525
2023-02-28,"Taiwan",3.6224
2023-02-28,"Thailand",2.8567
2023-02-28,"Turkey",5.5104
2023-03-31,"Brazil",6.7996
2023-03-31,"China",2.325
2023-03-31,"Greece",4.6391
2023-03-31,"India",1.5934
2023-03-31,"Indonesia",4.4463
2023-03-31,"Malaysia",4.5032
2023-03-31,"Mexico",3.8331
2023-03-31,"Philippines",2.2959
2023-03-31,"Poland",5.6651
2023-03-31,"Saudi Arabia",3.5193
2023-03-31,"South Africa",4.1523
2023-03-31,"South Korea",2.3564
2023-03-31,"Taiwan",3.4588
2023-03-31,"Thailand",2.8658
2023-03-31,"Turkey",8.0672
2023-04-28,"Brazil",6.9198
2023-04-28,"China",2.4922
2023-04-28,"Greece",6.6965
2023-04-28,"India",1.5401
2023-04-28,"Indonesia",4.4159
2023-04-28,"Malaysia",4.5035
2023-04-28,"Mexico",3.6312
2023-04-28,"Philippines",2.3056
2023-04-28,"Poland",5.4715
2023-04-28,"South Africa",4.3895
2023-04-28,"South Korea",2.3452
2023-04-28,"Taiwan",3.5806
2023-04-28,"Thailand",2.9639
2023-04-28,"Turkey",6.0865
2023-04-30,"Saudi Arabia",3.3199
2023-05-31,"Brazil",6.796
2023-05-31,"China",2.665
2023-05-31,"Greece",6.3451
2023-05-31,"India",1.4989
2023-05-31,"Indonesia",4.5726
2023-05-31,"Malaysia",4.4672
2023-05-31,"Mexico",3.779
2023-05-31,"Philippines",2.4646
2023-05-31,"Poland",5.6751
2023-05-31,"Saudi Arabia",3.5438
2023-05-31,"South Africa",4.5977
2023-05-31,"South Korea",2.2589
2023-05-31,"Taiwan",3.2444
2023-05-31,"Thailand",2.9047
2023-05-31,"Turkey",5.8781
2023-06-30,"Brazil",7.4132
2023-06-30,"China",2.5649
2023-06-30,"Greece",6.1926
2023-06-30,"India",1.5045
2023-06-30,"Indonesia",4.3719
2023-06-30,"Malaysia",4.4059
2023-06-30,"Mexico",3.5701
2023-06-30,"Philippines",2.5078
2023-06-30,"Poland",4.0864
2023-06-30,"Saudi Arabia",3.4046
2023-06-30,"South Africa",4.1957
2023-06-30,"South Korea",2.2392
2023-06-30,"Taiwan",3.1893
2023-06-30,"Thailand",2.8148
2023-06-30,"Turkey",4.929
2023-07-31,"Brazil",6.8334
2023-07-31,"China",2.4075
2023-07-31,"Greece",5.9714
2023-07-31,"India",1.4372
2023-07-31,"Indonesia",4.6693
2023-07-31,"Malaysia",4.1349
2023-07-31,"Mexico",3.6805
2023-07-31,"Philippines",2.3816
2023-07-31,"Poland",4.132
2023-07-31,"Saudi Arabia",3.2966
2023-07-31,"South Africa",3.872
2023-07-31,"South Korea",2.1592
2023-07-31,"Taiwan",3.088
2023-07-31,"Thailand",2.6433
2023-07-31,"Turkey",3.8456
2023-08-31,"Brazil",7.1764
2023-08-31,"China",2.4938
2023-08-31,"Greece",6.2089
2023-08-31,"India",1.4637
2023-08-31,"Indonesia",4.3433
2023-08-31,"Malaysia",4.0818
2023-08-31,"Mexico",4.0494
2023-08-31,"Philippines",2.6166
2023-08-31,"Poland",4.4168
2023-08-31,"Saudi Arabia",3.4831
2023-08-31,"South Africa",4.0577
2023-08-31,"South Korea",2.2663
2023-08-31,"Taiwan",3.2011
2023-08-31,"Thailand",2.6595
2023-08-31,"Turkey",3.7048
2023-09-29,"Brazil",7.4046
2023-09-29,"China",2.4837
2023-09-29,"Greece",7.4168
2023-09-29,"India",1.4436
2023-09-29,"Indonesia",4.5112
2023-09-29,"Malaysia",4.1185
2023-09-29,"Mexico",4.1822
2023-09-29,"Philippines",2.5992
2023-09-29,"Poland",4.638
2023-09-29,"South Africa",4.3076
2023-09-29,"South Korea",2.2461
2023-09-29,"Taiwan",3.2552
2023-09-29,"Thailand",2.8295
2023-09-29,"Turkey",3.5036
2023-09-30,"Saudi Arabia",3.5594
2023-10-31,"Brazil",7.7593
2023-10-31,"China",2.5371
2023-10-31,"Greece",7.521
2023-10-31,"India",1.483
2023-10-31,"Indonesia",4.7584
2023-10-31,"Malaysia",4.0843
2023-10-31,"Mexico",4.3347
2023-10-31,"Philippines",2.7782
2023-10-31,"Poland",4.3676
2023-10-31,"Saudi Arabia",3.6691
2023-10-31,"South Africa",4.3898
2023-10-31,"South Korea",2.456
2023-10-31,"Taiwan",3.293
2023-10-31,"Thailand",2.9628
2023-10-31,"Turkey",4.5849
2023-11-30,"Brazil",7.5074
2023-11-30,"China",2.519
2023-11-30,"Greece",5.2078
2023-11-30,"India",1.4232
2023-11-30,"Indonesia",4.4392
2023-11-30,"Malaysia",4.0575
2023-11-30,"Mexico",3.8558
2023-11-30,"Philippines",2.6147
2023-11-30,"Poland",4.3274
2023-11-30,"Saudi Arabia",3.519
2023-11-30,"South Africa",4.0152
2023-11-30,"South Korea",2.2128
2023-11-30,"Taiwan",3.0589
2023-11-30,"Thailand",2.8955
2023-11-30,"Turkey",4.0434
2023-12-29,"Brazil",7.388
2023-12-29,"China",2.5371
2023-12-29,"Greece",5.1889
2023-12-29,"India",1.31
2023-12-29,"Indonesia",4.3142
2023-12-29,"Malaysia",4.1284
2023-12-29,"Mexico",3.5396
2023-12-29,"Philippines",2.6237
2023-12-29,"Poland",4.0928
2023-12-29,"South Africa",3.7349
2023-12-29,"South Korea",2.0988
2023-12-29,"Taiwan",2.9589
2023-12-29,"Thailand",2.74
2023-12-29,"Turkey",4.6152
2023-12-31,"Saudi Arabia",3.2994
2024-01-31,"Brazil",7.4495
2024-01-31,"China",2.7489
2024-01-31,"Greece",4.9197
2024-01-31,"India",1.3328
2024-01-31,"Indonesia",4.0746
2024-01-31,"Malaysia",4.0397
2024-01-31,"Mexico",3.6663
2024-01-31,"Philippines",2.5157
2024-01-31,"Poland",4.0565
2024-01-31,"Saudi Arabia",2.9539
2024-01-31,"South Africa",3.8849
2024-01-31,"South Korea",2.2587
2024-01-31,"Taiwan",2.9154
2024-01-31,"Thailand",2.8235
2024-01-31,"Turkey",4.3195
2024-02-29,"Brazil",7.6729
2024-02-29,"China",2.4756
2024-02-29,"Greece",4.7961
2024-02-29,"India",1.4108
2024-02-29,"Indonesia",3.6585
2024-02-29,"Malaysia",4.1592
2024-02-29,"Mexico",4.3981
2024-02-29,"Philippines",2.3209
2024-02-29,"Poland",4.7853
2024-02-29,"Saudi Arabia",3.3672
2024-02-29,"South Africa",3.8593
2024-02-29,"South Korea",2.1646
2024-02-29,"Taiwan",2.8839
2024-02-29,"Thailand",3.0965
2024-02-29,"Turkey",3.7265
2024-03-29,"Brazil",6.7197
2024-03-29,"China",2.562
2024-03-29,"Greece",5.1591
2024-03-29,"India",1.3939
2024-03-29,"Indonesia",4.2893
2024-03-29,"Malaysia",4.1799
2024-03-29,"Mexico",4.2302
2024-03-29,"Philippines",2.6003
2024-03-29,"Poland",5.4174
2024-03-29,"South Africa",3.7179
2024-03-29,"South Korea",2.0416
2024-03-29,"Taiwan",2.6428
2024-03-29,"Thailand",3.0581
2024-03-29,"Turkey",2.6055
2024-03-31,"Saudi Arabia",3.5373
2024-04-30,"Brazil",6.8338
2024-04-30,"China",2.711
2024-04-30,"Greece",5.62
2024-04-30,"India",1.3518
2024-04-30,"Indonesia",4.5914
2024-04-30,"Malaysia",4.1052
2024-04-30,"Mexico",4.2302
2024-04-30,"Philippines",2.7321
2024-04-30,"Poland",5.2018
2024-04-30,"Saudi Arabia",3.5651
2024-04-30,"South Africa",4.2528
2024-04-30,"South Korea",2.1245
2024-04-30,"Taiwan",2.6829
2024-04-30,"Thailand",3.0685
2024-04-30,"Turkey",4.1377
2024-05-31,"Brazil",7.0594
2024-05-31,"China",2.7555
2024-05-31,"Greece",6.106
2024-05-31,"India",1.345
2024-05-31,"Indonesia",4.995
2024-05-31,"Malaysia",4.0302
2024-05-31,"Mexico",4.3242
2024-05-31,"Philippines",2.9308
2024-05-31,"Poland",5.0212
2024-05-31,"Saudi Arabia",3.8456
2024-05-31,"South Africa",4.0857
2024-05-31,"South Korea",2.1891
2024-05-31,"Taiwan",2.6068
2024-05-31,"Thailand",3.1669
2024-05-31,"Turkey",3.9469
2024-06-28,"Brazil",6.958
2024-06-28,"China",2.9103
2024-06-28,"Greece",6.4322
2024-06-28,"India",1.252
2024-06-28,"Indonesia",4.8976
2024-06-28,"Malaysia",4.036
2024-06-28,"Mexico",4.5078
2024-06-28,"Philippines",2.9467
2024-06-28,"Poland",5.1096
2024-06-28,"South Africa",3.8225
2024-06-28,"South Korea",2.0342
2024-06-28,"Taiwan",2.3384
2024-06-28,"Thailand",3.2104
2024-06-28,"Turkey",3.9183
2024-06-30,"Saudi Arabia",3.7395
2024-07-31,"Brazil",6.9808
2024-07-31,"China",2.932
2024-07-31,"Greece",6.0067
2024-07-31,"India",1.2099
2024-07-31,"Indonesia",4.7654
2024-07-31,"Malaysia",3.9881
2024-07-31,"Mexico",4.4142
2024-07-31,"Philippines",2.809
2024-07-31,"Poland",5.3612
2024-07-31,"Saudi Arabia",3.5742
2024-07-31,"South Africa",3.607
2024-07-31,"South Korea",2.0518
2024-07-31,"Taiwan",2.4948
2024-07-31,"Thailand",3.1313
2024-07-31,"Turkey",3.5327
2024-08-30,"Brazil",6.8011
2024-08-30,"China",3.0584
2024-08-30,"Greece",6.346
2024-08-30,"India",1.1932
2024-08-30,"Indonesia",4.4755
2024-08-30,"Malaysia",3.9025
2024-08-30,"Mexico",4.4649
2024-08-30,"Philippines",2.6327
2024-08-30,"Poland",5.4597
2024-08-30,"South Africa",3.5034
2024-08-30,"South Korea",2.1465
2024-08-30,"Taiwan",2.5543
2024-08-30,"Thailand",3.1024
2024-08-30,"Turkey",3.9802
2024-08-31,"Saudi Arabia",3.6421
2024-09-30,"Brazil",5.8161
2024-09-30,"China",2.5099
2024-09-30,"Greece",6.1843
2024-09-30,"India",1.1667
2024-09-30,"Indonesia",4.4462
2024-09-30,"Malaysia",3.9789
2024-09-30,"Mexico",4.3564
2024-09-30,"Philippines",2.5265
2024-09-30,"Poland",5.9627
2024-09-30,"Saudi Arabia",3.6868
2024-09-30,"South Africa",3.3612
2024-09-30,"South Korea",2.2575
2024-09-30,"Taiwan",2.5714
2024-09-30,"Thailand",2.9397
2024-09-30,"Turkey",3.9449
2024-10-31,"Brazil",5.598
2024-10-31,"China",2.6302
2024-10-31,"Greece",6.7335
2024-10-31,"India",1.2455
2024-10-31,"Indonesia",4.5518
2024-10-31,"Malaysia",4.082
2024-10-31,"Mexico",4.5302
2024-10-31,"Philippines",2.6382
2024-10-31,"Poland",6.1115
2024-10-31,"Saudi Arabia",3.7472
2024-10-31,"South Africa",3.3367
2024-10-31,"South Korea",2.3145
2024-10-31,"Taiwan",2.4425
2024-10-31,"Thailand",2.8917
2024-10-31,"Turkey",3.9399
2024-11-29,"Brazil",7.2233
2024-11-29,"China",2.6146
2024-11-29,"Greece",6.8939
2024-11-29,"India",1.2365
2024-11-29,"Indonesia",4.9024
2024-11-29,"Malaysia",4.0458
2024-11-29,"Mexico",4.6982
2024-11-29,"Philippines",2.8415
2024-11-29,"Poland",6.2724
2024-11-29,"South Africa",3.4485
2024-11-29,"South Korea",2.3939
2024-11-29,"Taiwan",2.5222
2024-11-29,"Thailand",2.9802
2024-11-29,"Turkey",3.6214
2024-11-30,"Saudi Arabia",3.907
2024-12-31,"Brazil",7.6544
2024-12-31,"China",2.6288
2024-12-31,"Greece",6.5793
2024-12-31,"India",1.2515
2024-12-31,"Indonesia",5.2818
2024-12-31,"Malaysia",3.9353
2024-12-31,"Mexico",5.1534
2024-12-31,"Philippines",2.8721
2024-12-31,"Poland",6.1951
2024-12-31,"Saudi Arabia",3.7272
2024-12-31,"South Africa",3.5293
2024-12-31,"South Korea",2.4506
2024-12-31,"Taiwan",2.4171
2024-12-31,"Thailand",3.0727
2024-12-31,"Turkey",2.9541
2025-01-31,"Brazil",6.9213
2025-01-31,"China",2.662
2025-01-31,"Greece",5.856
2025-01-31,"India",1.3642
2025-01-31,"Indonesia",4.7214
2025-01-31,"Malaysia",4.1373
2025-01-31,"Mexico",4.5306
2025-01-31,"Philippines",3.1642
2025-01-31,"Poland",5.5772
2025-01-31,"Saudi Arabia",3.4029
2025-01-31,"South Africa",3.3614
2025-01-31,"South Korea",2.3539
2025-01-31,"Taiwan",2.4453
2025-01-31,"Thailand",3.125
2025-01-31,"Turkey",2.7271
2025-02-28,"Brazil",6.7759
2025-02-28,"China",2.6074
2025-02-28,"Greece",6.1841
2025-02-28,"India",1.5137
2025-02-28,"Indonesia",4.8783
2025-02-28,"Malaysia",4.2474
2025-02-28,"Mexico",4.681
2025-02-28,"Philippines",3.0432
2025-02-28,"Poland",4.915
2025-02-28,"Saudi Arabia",3.5675
2025-02-28,"South Africa",3.4924
2025-02-28,"South Korea",2.4933
2025-02-28,"Taiwan",2.7654
2025-02-28,"Thailand",3.8341
2025-02-28,"Turkey",2.9015
2025-03-31,"Brazil",6.5415
2025-03-31,"China",2.5677
2025-03-31,"Greece",5.7257
2025-03-31,"India",1.4043
2025-03-31,"Indonesia",5.7705
2025-03-31,"Malaysia",4.4125
2025-03-31,"Mexico",4.7459
2025-03-31,"Philippines",3.1671
2025-03-31,"Poland",5.3188
2025-03-31,"Saudi Arabia",3.7999
2025-03-31,"South Africa",3.758
2025-03-31,"South Korea",2.489
2025-03-31,"Taiwan",3.0773
2025-03-31,"Thailand",3.9954
2025-03-31,"Turkey",3.98
2025-04-30,"Brazil",5.9604
2025-04-30,"China",2.9582
2025-04-30,"Greece",6.1927
2025-04-30,"India",1.3086
2025-04-30,"Indonesia",5.7417
2025-04-30,"Malaysia",4.3557
2025-04-30,"Mexico",5.043
2025-04-30,"Philippines",3.0353
2025-04-30,"Poland",5.3655
2025-04-30,"Saudi Arabia",3.8838
2025-04-30,"South Africa",3.806
2025-04-30,"South Korea",2.4484
2025-04-30,"Taiwan",3.1032
2025-04-30,"Thailand",3.7306
2025-04-30,"Turkey",4.2924
2025-05-30,"Brazil",6.2289
2025-05-30,"China",2.892
2025-05-30,"Greece",5.4377
2025-05-30,"India",1.4493
2025-05-30,"Indonesia",5.4482
2025-05-30,"Malaysia",4.4075
2025-05-30,"Mexico",5.1168
2025-05-30,"Philippines",3.1426
2025-05-30,"Poland",5.428
2025-05-30,"South Africa",3.7291
2025-05-30,"South Korea",2.2951
2025-05-30,"Taiwan",2.9181
2025-05-30,"Thailand",3.9895
2025-05-30,"Turkey",4.3474
2025-05-31,"Saudi Arabia",4.1329
2025-06-30,"Brazil",5.7974
2025-06-30,"China",2.8172
2025-06-30,"Greece",5.2385
2025-06-30,"India",1.4074
2025-06-30,"Indonesia",5.9006
2025-06-30,"Malaysia",4.3396
2025-06-30,"Mexico",5.1338
2025-06-30,"Philippines",3.13
2025-06-30,"Poland",5.0054
2025-06-30,"Saudi Arabia",4.0738
2025-06-30,"South Africa",3.7179
2025-06-30,"South Korea",2.0073
2025-06-30,"Taiwan",2.7433
2025-06-30,"Thailand",4.2057
2025-06-30,"Turkey",3.6094
2025-07-31,"Brazil",5.8224
2025-07-31,"China",2.7174
2025-07-31,"Greece",4.8521
2025-07-31,"India",1.3015
2025-07-31,"Indonesia",5.7381
2025-07-31,"Malaysia",4.3978
2025-07-31,"Mexico",5.0837
2025-07-31,"Philippines",3.1955
2025-07-31,"Poland",4.7746
2025-07-31,"Saudi Arabia",4.1326
2025-07-31,"South Africa",3.6671
2025-07-31,"South Korea",1.8674
2025-07-31,"Taiwan",2.6563
2025-07-31,"Thailand",3.6932
2025-07-31,"Turkey",3.2351
2025-08-29,"Brazil",5.7589
2025-08-29,"China",2.4315
2025-08-29,"Greece",4.9219
2025-08-29,"India",1.3208
2025-08-29,"Indonesia",5.6261
2025-08-29,"Malaysia",4.2448
2025-08-29,"Mexico",5.095
2025-08-29,"Philippines",3.2312
2025-08-29,"Poland",5.1608
2025-08-29,"South Africa",3.4483
2025-08-29,"South Korea",1.891
2025-08-29,"Taiwan",2.5921
2025-08-29,"Thailand",3.7918
2025-08-29,"Turkey",3.0342
2025-08-31,"Saudi Arabia",4.1968
2025-09-30,"Brazil",5.5828
2025-09-30,"China",2.3762
2025-09-30,"Greece",4.7582
2025-09-30,"India",1.3092
2025-09-30,"Indonesia",5.7056
2025-09-30,"Malaysia",4.1254
2025-09-30,"Mexico",4.8452
2025-09-30,"Philippines",3.3807
2025-09-30,"Poland",5.1437
2025-09-30,"Saudi Arabia",3.8606
2025-09-30,"South Africa",3.1584
2025-09-30,"South Korea",1.6942
2025-09-30,"Taiwan",2.387
2025-09-30,"Thailand",3.6923
2025-09-30,"Turkey",2.8568
2025-10-31,"Brazil",5.344
2025-10-31,"China",2.3751
2025-10-31,"Greece",4.7819
2025-10-31,"India",1.2429
2025-10-31,"Indonesia",5.3695
2025-10-31,"Malaysia",4.1505
2025-10-31,"Mexico",4.6124
2025-10-31,"Philippines",3.3107
2025-10-31,"Poland",4.7932
2025-10-31,"Saudi Arabia",3.787
2025-10-31,"South Africa",3.3287
2025-10-31,"South Korea",1.3578
2025-10-31,"Taiwan",2.1571
2025-10-31,"Thailand",3.5753
2025-10-31,"Turkey",2.8991
2025-11-28,"Brazil",5.1927
2025-11-28,"China",2.381
2025-11-28,"Greece",4.7044
2025-11-28,"India",1.2114
2025-11-28,"Indonesia",5.4482
2025-11-28,"Malaysia",4.1642
2025-11-28,"Mexico",4.3881
2025-11-28,"Philippines",3.2553
2025-11-28,"Poland",4.7892
2025-11-28,"South Africa",3.1854
2025-11-28,"South Korea",1.4398
2025-11-28,"Taiwan",2.1925
2025-11-28,"Thailand",3.6402
2025-11-28,"Turkey",3.1001
2025-11-30,"Saudi Arabia",4.1273
2025-12-31,"Brazil",5.4218
2025-12-31,"China",2.3136
2025-12-31,"Greece",4.6511
2025-12-31,"India",1.2131
2025-12-31,"Indonesia",5.4895
2025-12-31,"Malaysia",4.036
2025-12-31,"Mexico",4.467
2025-12-31,"Philippines",3.2213
2025-12-31,"Poland",4.4332
2025-12-31,"Saudi Arabia",4.1338
2025-12-31,"South Africa",3.0072
2025-12-31,"South Korea",1.3165
2025-12-31,"Taiwan",2.0815
2025-12-31,"Thailand",3.6858
2025-12-31,"Turkey",3.1521
2026-01-30,"Brazil",4.7773
2026-01-30,"China",2.2533
2026-01-30,"Greece",4.1898
2026-01-30,"India",1.6709
2026-01-30,"Indonesia",5.8504
2026-01-30,"Malaysia",3.905
2026-01-30,"Mexico",4.1182
2026-01-30,"Philippines",3.0646
2026-01-30,"Poland",4.2234
2026-01-30,"South Africa",2.8146
2026-01-30,"South Korea",1.035
2026-01-30,"Taiwan",1.8526
2026-01-30,"Thailand",3.5424
2026-01-30,"Turkey",2.477
2026-01-31,"Saudi Arabia",3.669
2026-02-27,"Brazil",4.3976
2026-02-27,"China",2.2015
2026-02-27,"Greece",5.2696
2026-02-27,"India",1.411
2026-02-27,"Indonesia",4.8209
2026-02-27,"Malaysia",4.2135
2026-02-27,"Mexico",4.2337
2026-02-27,"Philippines",2.9518
2026-02-27,"Poland",4.0979
2026-02-27,"South Africa",2.5577
2026-02-27,"South Korea",1.0128
2026-02-27,"Taiwan",1.9726
2026-02-27,"Thailand",3.2017
2026-02-27,"Turkey",2.5509
2026-02-28,"Saudi Arabia",3.7243
